food_code,food_name,meal_type,primarysource,energy_kj,energy_kcal,carb_g,protein_g,fat_g,freesugar_g,fibre_g,sfa_mg,mufa_mg,pufa_mg,cholesterol_mg,calcium_mg,phosphorus_mg,magnesium_mg,sodium_mg,potassium_mg,iron_mg,copper_mg,selenium_ug,chromium_mg,manganese_mg,molybdenum_mg,zinc_mg,vita_ug,vite_mg,vitd2_ug,vitd3_ug,vitk1_ug,vitk2_ug,folate_ug,vitb1_mg,vitb2_mg,vitb3_mg,vitb5_mg,vitb6_mg,vitb7_ug,vitb9_ug,vitc_mg,carotenoids_ug,servings_unit,unit_serving_energy_kj,unit_serving_energy_kcal,unit_serving_carb_g,unit_serving_protein_g,unit_serving_fat_g,unit_serving_freesugar_g,unit_serving_fibre_g,unit_serving_sfa_mg,unit_serving_mufa_mg,unit_serving_pufa_mg,unit_serving_cholesterol_mg,unit_serving_calcium_mg,unit_serving_phosphorus_mg,unit_serving_magnesium_mg,unit_serving_sodium_mg,unit_serving_potassium_mg,unit_serving_iron_mg,unit_serving_copper_mg,unit_serving_selenium_ug,unit_serving_chromium_mg,unit_serving_manganese_mg,unit_serving_molybdenum_mg,unit_serving_zinc_mg,unit_serving_vita_ug,unit_serving_vite_mg,unit_serving_vitd2_ug,unit_serving_vitd3_ug,unit_serving_vitk1_ug,unit_serving_vitk2_ug,unit_serving_folate_ug,unit_serving_vitb1_mg,unit_serving_vitb2_mg,unit_serving_vitb3_mg,unit_serving_vitb5_mg,unit_serving_vitb6_mg,unit_serving_vitb7_ug,unit_serving_vitb9_ug,unit_serving_vitc_mg,unit_serving_carotenoids_ug
ASC001,Hot tea (Garam Chai),veg,asc_manual,68.16,16.14,2.58,0.39,0.53,2.58,0.00,321.50,144.18,16.39,0.00,14.20,11.50,1.04,3.12,13.95,0.02,0.01,0.11,0.00,0.00,0.00,0.04,0.00,0.03,0.00,0.00,0.00,0.00,0.86,0.00,0.01,0.01,0.04,0.00,0.24,0.86,0.24,23.75,tea cup,143.48,33.98,5.43,0.82,1.12,5.42,0.00,676.75,303.50,34.50,0.00,29.90,24.21,2.18,6.56,29.35,0.05,0.01,0.24,0.00,0.00,0.00,0.09,0.00,0.05,0.00,0.00,0.00,0.00,1.80,0.01,0.03,0.02,0.09,0.01,0.51,1.80,0.50,50.00
ASC002,Instant coffee,veg,asc_manual,97.77,23.16,3.65,0.64,0.75,3.62,0.00,451.17,202.33,23.00,0.00,20.87,18.19,3.63,4.92,44.50,0.06,0.01,0.22,0.00,0.02,0.00,0.06,0.00,0.04,0.00,0.00,0.03,0.00,1.25,0.01,0.02,0.18,0.06,0.01,0.78,1.25,0.34,33.33,tea cup,439.95,104.20,16.44,2.88,3.36,16.27,0.00,2030.25,910.50,103.50,0.00,93.90,81.84,16.35,22.13,200.25,0.27,0.06,0.98,0.00,0.07,0.00,0.29,0.00,0.17,0.00,0.00,0.13,0.00,5.60,0.02,0.09,0.80,0.25,0.03,3.49,5.60,1.51,150.00
ASC005,Raw mango drink (Aam panna),veg,asc_manual,152.39,35.92,9.05,0.16,0.03,7.49,0.61,6.14,5.89,9.43,0.00,7.08,3.34,4.25,79.82,31.45,0.14,0.03,0.05,0.00,0.05,0.01,0.03,0.00,0.17,1.46,0.00,3.44,0.00,5.23,0.00,0.00,0.05,0.03,0.03,0.27,5.23,16.87,167.19,tall glass,409.18,96.44,24.29,0.42,0.07,20.11,1.64,16.48,15.81,25.32,0.00,19.00,8.95,11.41,214.33,84.45,0.36,0.07,0.13,0.01,0.14,0.03,0.08,0.00,0.46,3.92,0.00,9.25,0.00,14.05,0.01,0.01,0.14,0.07,0.07,0.73,14.05,45.30,448.89
ASC008,Lemonade,veg,asc_manual,88.66,20.80,5.48,0.03,0.01,5.47,0.02,4.65,0.04,5.30,0.00,1.84,0.67,0.73,28.52,5.73,0.05,0.01,0.07,0.00,0.00,0.00,0.01,0.00,0.00,0.01,0.00,0.47,0.00,0.60,0.00,0.00,0.01,0.01,0.00,0.01,0.60,1.51,53.70,glass,309.65,72.64,19.13,0.12,0.04,19.11,0.06,16.25,0.13,18.52,0.00,6.42,2.34,2.55,99.62,20.01,0.17,0.03,0.26,0.00,0.01,0.01,0.04,0.00,0.00,0.03,0.00,1.64,0.00,2.11,0.00,0.00,0.02,0.02,0.01,0.02,2.11,5.27,187.53
ASC010,Cumin infused water (Jeere/Zeere ka pani),veg,asc_manual,38.23,9.09,1.86,0.17,0.11,1.46,0.46,14.50,40.04,33.53,0.00,10.84,4.47,5.28,189.60,32.15,0.32,0.02,0.13,0.00,0.23,0.02,0.04,0.00,0.01,0.57,0.00,1.77,0.00,0.93,0.01,0.00,0.05,0.01,0.01,0.03,0.93,1.07,64.09,glass,129.54,30.80,6.32,0.57,0.37,4.95,1.57,49.14,135.67,113.62,0.00,36.75,15.15,17.89,642.49,108.95,1.07,0.06,0.44,0.01,0.79,0.06,0.14,0.00,0.05,1.94,0.00,5.99,0.00,3.14,0.03,0.01,0.17,0.04,0.02,0.12,3.14,3.61,217.20
ASC016,Banana milkshake (Kele milkshake),veg,asc_manual,274.33,65.31,9.15,1.84,2.37,7.96,0.26,1423.07,634.17,87.19,0.00,62.64,52.77,7.92,13.61,102.43,0.13,0.03,0.49,0.00,0.05,0.00,0.19,0.00,0.13,0.02,0.00,0.25,0.00,5.74,0.02,0.06,0.10,0.22,0.08,1.21,5.74,1.98,134.30,tall glass,947.80,225.63,31.60,6.37,8.19,27.49,0.88,4916.70,2191.05,301.24,0.00,216.42,182.33,27.35,47.02,353.88,0.46,0.12,1.71,0.01,0.16,0.00,0.67,0.00,0.43,0.08,0.00,0.88,0.00,19.83,0.06,0.21,0.34,0.75,0.28,4.18,19.83,6.84,464.00
ASC017,Mango milkshake (Aam milkshake),veg,asc_manual,239.13,56.90,7.23,1.73,2.35,7.15,0.26,1394.57,633.56,88.45,0.00,62.33,50.50,6.17,13.27,79.07,0.15,0.03,0.75,0.00,0.04,0.00,0.19,0.00,0.15,0.52,0.00,0.67,0.00,15.10,0.02,0.06,0.08,0.19,0.04,1.23,15.10,5.65,301.55,tall glass,850.10,202.28,25.71,6.14,8.34,25.41,0.94,4957.70,2252.30,314.44,0.00,221.60,179.52,21.94,47.19,281.08,0.55,0.12,2.66,0.02,0.13,0.00,0.67,0.00,0.54,1.86,0.00,2.38,0.00,53.68,0.07,0.22,0.28,0.67,0.13,4.36,53.68,20.10,1072.00
ASC019,Orange milkshake (Narangi milkshake),veg,asc_manual,241.50,57.42,7.11,1.86,2.52,7.08,0.00,1525.07,683.94,77.75,0.00,67.42,55.47,5.30,14.63,73.43,0.11,0.02,0.54,0.00,0.01,0.00,0.19,0.00,0.14,0.00,0.00,0.00,0.00,5.28,0.02,0.06,0.05,0.20,0.02,1.16,5.28,3.39,115.26,tall glass,771.60,183.44,22.71,5.96,8.06,22.62,0.00,4872.60,2185.20,248.40,0.00,215.40,177.23,16.94,46.73,234.60,0.34,0.07,1.71,0.01,0.03,0.00,0.61,0.00,0.45,0.00,0.00,0.00,0.00,16.85,0.07,0.20,0.17,0.65,0.08,3.71,16.85,10.82,368.25
ASC021,Sweet Lassi (Meethi lassi),veg,asc_manual,151.19,35.66,6.51,1.29,0.68,6.51,0.00,431.64,178.53,22.60,2.49,45.65,38.46,4.38,18.31,63.50,0.03,0.01,0.45,0.00,0.00,0.00,0.16,6.33,0.01,0.00,0.00,0.00,0.00,4.07,0.01,0.06,0.05,0.11,0.02,0.59,4.07,0.23,4.75,tall glass,669.00,157.80,28.80,5.70,3.00,28.80,0.00,1910.00,790.00,100.00,11.00,202.00,170.20,19.40,81.00,281.00,0.14,0.02,2.00,0.00,0.00,0.00,0.72,28.00,0.05,0.00,0.00,0.00,0.00,18.00,0.06,0.27,0.20,0.50,0.10,2.60,18.00,1.00,21.00
ASC022,Chach/Butter Milk (salted),veg,asc_manual,79.43,18.84,1.86,1.35,0.72,1.84,0.02,451.64,191.60,26.17,2.60,47.78,40.39,4.84,65.40,67.37,0.04,0.00,0.47,0.00,0.00,0.00,0.17,6.62,0.01,0.01,0.00,0.09,0.00,4.27,0.01,0.06,0.05,0.12,0.02,0.62,4.27,0.24,5.29,tall glass,336.18,79.76,7.86,5.73,3.04,7.80,0.08,1911.55,810.95,110.78,11.00,202.24,170.96,20.49,276.81,285.16,0.15,0.00,2.01,0.00,0.01,0.01,0.71,28.00,0.05,0.03,0.00,0.37,0.00,18.07,0.06,0.27,0.21,0.50,0.10,2.60,18.07,1.02,22.38
ASC024,Egg sandwich (Ande ka sandwich),egg,asc_manual,1198.25,285.96,29.16,8.69,15.80,1.86,1.88,8437.21,4047.35,733.87,121.63,110.13,107.32,18.88,461.67,129.59,1.44,0.11,14.16,0.00,0.34,0.02,0.77,190.34,0.70,0.13,0.21,1.94,3.60,29.40,0.15,0.10,0.98,0.37,0.08,4.54,29.40,0.00,134.03,triangle,608.11,145.12,14.80,4.41,8.02,0.95,0.95,4281.88,2054.03,372.44,61.72,55.89,54.46,9.58,234.30,65.76,0.73,0.06,7.19,0.00,0.17,0.01,0.39,96.60,0.35,0.06,0.10,0.98,1.83,14.92,0.07,0.05,0.50,0.19,0.04,2.30,14.92,0.00,68.02
ASC025,Cucumber sandwich (Kheere ka sandwich),veg,asc_manual,792.81,188.60,25.77,4.80,8.00,1.64,2.45,4322.51,1808.72,287.53,17.53,87.84,62.30,21.60,362.64,154.06,1.02,0.09,3.58,0.00,0.31,0.02,0.46,78.85,0.21,0.62,0.00,4.69,0.00,21.34,0.12,0.04,0.94,0.19,0.06,1.19,21.34,2.51,129.54,triangle,481.64,114.57,15.65,2.92,4.86,1.00,1.49,2625.93,1098.80,174.67,10.65,53.36,37.85,13.13,220.31,93.59,0.62,0.06,2.17,0.00,0.19,0.01,0.28,47.90,0.12,0.38,0.00,2.85,0.00,12.96,0.07,0.03,0.57,0.12,0.04,0.72,12.96,1.53,78.70
ASC042,Paneer pea sandwich (toasted) (Paneer matar ka sandwich),veg,asc_manual,1046.81,249.56,24.05,12.40,11.98,6.40,2.12,4540.44,2891.99,3093.70,0.00,274.10,190.78,27.81,268.90,127.84,1.26,0.13,12.97,0.05,0.43,0.02,1.63,0.00,2.29,1.72,0.00,6.91,0.00,58.65,0.12,0.08,0.79,0.31,0.08,9.97,58.65,5.46,282.96,toasted triangle,930.35,221.79,21.38,11.02,10.64,5.68,1.88,4035.31,2570.26,2749.53,0.00,243.61,169.56,24.72,238.98,113.62,1.12,0.11,11.53,0.04,0.38,0.02,1.45,0.00,2.04,1.53,0.00,6.14,0.00,52.13,0.10,0.07,0.70,0.28,0.07,8.86,52.13,4.85,251.48
ASC051,Cornflakes with milk,veg,asc_manual,493.71,117.33,14.95,3.59,5.12,9.97,0.78,2784.82,1530.43,370.58,0.00,106.47,108.43,14.98,26.55,132.88,0.42,0.06,1.47,0.00,0.24,0.00,0.46,0.00,0.34,0.00,0.00,0.00,0.00,15.78,0.14,0.21,0.50,0.33,0.05,2.67,15.78,1.74,172.66,bowl,1372.50,326.17,41.56,9.98,14.23,27.73,2.16,7741.80,4254.60,1030.20,0.00,296.00,301.42,41.63,73.80,369.40,1.18,0.17,4.08,0.01,0.66,0.00,1.28,0.00,0.94,0.00,0.00,0.00,0.00,43.87,0.38,0.58,1.39,0.91,0.15,7.42,43.87,4.82,480.00
ASC052,Rice flakes (Chiwda/Aval),veg,asc_manual,471.37,112.44,15.57,3.62,3.99,7.28,0.37,2367.63,1093.92,181.40,0.00,103.15,104.43,15.61,22.40,115.40,0.62,0.06,0.82,0.01,0.10,0.02,0.45,0.00,0.20,0.00,0.00,0.11,0.00,6.98,0.04,0.10,0.24,0.35,0.04,1.75,6.98,1.74,176.29,bowl,1310.40,312.58,43.28,10.06,11.09,20.24,1.04,6582.00,3041.10,504.30,0.00,286.76,290.32,43.41,62.28,320.80,1.71,0.16,2.28,0.02,0.29,0.05,1.25,0.00,0.54,0.00,0.00,0.30,0.00,19.41,0.11,0.28,0.67,0.96,0.10,4.87,19.41,4.82,490.08
ASC054,Murmura (Puffed rice),veg,asc_manual,475.04,113.32,15.67,3.62,4.04,7.31,0.28,2342.03,1052.35,123.97,0.00,103.79,99.79,14.18,22.52,114.53,0.63,0.06,0.82,0.01,0.11,0.01,0.44,0.00,0.19,0.00,0.00,0.11,0.00,6.07,0.04,0.10,0.27,0.33,0.04,1.85,6.07,1.74,178.11,bowl,1320.60,315.02,43.56,10.06,11.24,20.33,0.77,6510.85,2925.53,344.64,0.00,288.53,277.42,39.41,62.61,318.40,1.74,0.16,2.28,0.02,0.30,0.03,1.24,0.00,0.54,0.00,0.00,0.30,0.00,16.87,0.10,0.28,0.75,0.93,0.12,5.13,16.87,4.82,495.14
ASC056,Boiled egg (Ubla anda),egg,asc_manual,189.77,45.35,0.12,4.43,3.04,0.00,0.11,981.64,1154.18,385.02,121.19,17.75,61.74,4.88,170.94,50.91,0.64,0.03,13.43,0.00,0.03,0.01,0.41,65.56,0.50,0.09,0.28,0.57,4.84,16.40,0.02,0.06,0.04,0.49,0.05,6.05,16.40,0.00,52.05,egg,286.55,68.49,0.18,6.69,4.59,0.00,0.17,1482.27,1742.81,581.38,183.00,26.80,93.22,7.37,258.12,76.88,0.97,0.04,20.28,0.00,0.05,0.02,0.62,99.00,0.76,0.13,0.42,0.86,7.30,24.77,0.03,0.10,0.06,0.74,0.08,9.14,24.77,0.00,78.60
ASC057,Fried Egg ,egg,asc_manual,928.19,223.67,0.31,11.59,19.62,0.00,0.29,3969.30,5413.97,8405.42,316.88,46.40,161.43,12.75,446.96,133.13,1.69,0.08,35.12,0.00,0.08,0.04,1.08,171.43,7.07,0.22,0.73,2.22,12.65,42.89,0.05,0.17,0.10,1.28,0.14,15.82,42.89,0.00,136.10,egg,536.03,129.17,0.18,6.69,11.33,0.00,0.17,2292.27,3126.56,4854.13,183.00,26.80,93.22,7.37,258.12,76.88,0.98,0.04,20.28,0.00,0.05,0.02,0.62,99.00,4.08,0.13,0.42,1.28,7.30,24.77,0.03,0.10,0.06,0.74,0.08,9.14,24.77,0.00,78.60
ASC058,Poached egg,egg,asc_manual,518.05,123.87,0.37,11.98,8.19,0.05,0.30,2646.91,3112.17,1038.18,326.79,48.24,167.21,14.79,1163.07,141.30,1.75,0.08,36.29,0.00,0.09,0.04,1.12,176.79,1.36,0.23,0.75,1.53,13.04,44.23,0.05,0.17,0.11,1.32,0.15,16.32,44.23,0.00,140.35,egg,290.11,69.37,0.21,6.71,4.59,0.03,0.17,1482.27,1742.81,581.38,183.00,27.01,93.64,8.28,651.32,79.13,0.98,0.05,20.32,0.00,0.05,0.02,0.63,99.00,0.76,0.13,0.42,0.86,7.30,24.77,0.03,0.10,0.06,0.74,0.08,9.14,24.77,0.00,78.60
ASC059,Scrambled egg (Ande ki bhurji),egg,asc_manual,649.51,155.97,1.35,10.29,12.21,1.08,0.24,5674.17,3944.74,1021.83,273.60,64.59,155.18,12.41,374.66,136.01,1.42,0.07,29.18,0.00,0.07,0.03,0.96,196.17,1.24,0.18,0.60,1.64,10.44,36.89,0.05,0.16,0.10,1.13,0.12,13.49,36.89,0.43,189.88,egg,454.66,109.18,0.95,7.20,8.55,0.76,0.17,3971.92,2761.31,715.28,191.52,45.22,108.63,8.69,262.26,95.21,0.99,0.05,20.42,0.00,0.05,0.02,0.68,137.32,0.87,0.13,0.42,1.15,7.30,25.82,0.03,0.11,0.07,0.79,0.09,9.44,25.82,0.30,132.91
ASC060,Baked egg ,egg,asc_manual,916.63,218.85,15.42,11.88,12.65,1.66,1.03,6173.04,3702.29,838.99,204.36,164.05,236.01,17.94,523.29,143.69,1.48,0.09,22.90,0.00,0.20,0.02,1.21,185.54,0.95,0.13,0.42,1.45,7.23,35.37,0.10,0.16,0.55,0.82,0.11,9.89,35.37,0.00,122.02,egg,925.80,221.04,15.57,12.00,12.78,1.68,1.04,6234.77,3739.31,847.38,206.40,165.69,238.38,18.11,528.52,145.13,1.50,0.09,23.13,0.00,0.20,0.02,1.23,187.40,0.96,0.13,0.42,1.47,7.30,35.72,0.11,0.16,0.55,0.83,0.11,9.99,35.72,0.00,123.25
ASC061,Plain omelette/omlet,egg,asc_manual,1127.43,272.41,0.64,9.66,25.74,0.51,0.12,4620.50,6433.86,12775.58,255.94,48.40,140.01,10.22,226.18,114.08,1.35,0.06,28.42,0.00,0.04,0.02,0.90,138.46,10.38,0.09,0.59,1.79,10.22,35.30,0.05,0.14,0.09,1.06,0.12,12.98,35.30,0.21,123.14,omelette,1612.22,389.55,0.92,13.82,36.81,0.74,0.17,6607.32,9200.42,18269.08,366.00,69.21,200.21,14.61,323.44,163.13,1.93,0.09,40.64,0.00,0.06,0.02,1.29,198.00,14.84,0.13,0.84,2.56,14.61,50.48,0.06,0.21,0.13,1.52,0.17,18.55,50.48,0.30,176.10
ASC062,Stuffed egg omelette/omlet,egg,asc_manual,843.31,203.51,2.30,8.60,17.77,1.57,0.75,4762.88,4522.70,7171.77,154.38,89.91,182.39,14.15,267.19,161.72,0.91,0.06,16.65,0.00,0.07,0.01,0.90,115.96,5.77,3.21,0.32,5.16,5.58,26.80,0.08,0.12,0.58,0.78,0.13,9.02,26.80,3.16,649.98,omelette,2209.48,533.21,6.03,22.54,46.57,4.11,1.97,12478.76,11849.49,18790.03,404.47,235.56,477.85,37.07,700.03,423.71,2.40,0.16,43.63,0.00,0.19,0.03,2.37,303.82,15.13,8.40,0.84,13.53,14.61,70.23,0.22,0.31,1.51,2.06,0.35,23.64,70.23,8.29,1702.94
ASC096,Chapati/Roti,veg,asc_manual,844.75,202.31,35.65,5.88,3.56,1.00,6.31,1737.22,796.67,538.89,6.83,17.22,175.00,69.44,1.16,172.78,2.28,0.27,29.51,0.00,1.66,0.02,1.58,25.61,0.30,7.46,0.00,0.83,0.00,16.23,0.23,0.08,1.32,0.48,0.14,0.42,16.23,0.00,209.53,chapati,304.11,72.83,12.83,2.12,1.28,0.36,2.27,625.40,286.80,194.00,2.46,6.20,63.00,25.00,0.42,62.20,0.82,0.10,10.62,0.00,0.60,0.01,0.57,9.22,0.11,2.69,0.00,0.30,0.00,5.84,0.08,0.03,0.47,0.17,0.05,0.15,5.84,0.00,75.43
ASC098,Potato parantha/paratha (Aloo ka parantha/paratha),veg,asc_manual,851.61,205.04,23.92,3.70,10.22,1.15,4.18,1241.03,2032.35,6381.79,0.00,17.38,107.56,46.11,127.20,272.88,1.52,0.18,15.42,0.00,0.94,0.01,0.95,0.00,4.85,4.02,0.00,4.42,0.00,16.02,0.14,0.05,1.05,0.39,0.12,0.87,16.02,8.54,295.46,parantha,795.10,191.43,22.33,3.45,9.54,1.08,3.90,1158.67,1897.47,5958.25,0.00,16.23,100.42,43.05,118.76,254.77,1.42,0.17,14.40,0.00,0.87,0.01,0.89,0.00,4.53,3.75,0.00,4.12,0.00,14.96,0.13,0.05,0.98,0.37,0.11,0.81,14.96,7.98,275.85
ASC100,Cauliflower parantha/paratha (Phoolgobhi ka parantha/paratha),veg,asc_manual,739.29,178.07,18.84,3.73,9.47,1.15,4.68,1168.14,1868.38,5892.41,0.00,22.00,103.43,44.53,190.03,222.94,1.59,0.16,14.09,0.00,0.96,0.01,0.90,0.00,4.44,4.13,0.00,8.60,0.00,25.84,0.13,0.07,0.79,0.47,0.13,1.27,25.84,17.28,238.25,parantha,753.06,181.39,19.19,3.80,9.64,1.17,4.77,1189.90,1903.19,6002.20,0.00,22.41,105.36,45.36,193.57,227.10,1.62,0.16,14.35,0.00,0.98,0.01,0.92,0.00,4.52,4.21,0.00,8.76,0.00,26.32,0.13,0.07,0.81,0.48,0.13,1.30,26.32,17.61,242.69
ASC102,Sprouted moong parantha/paratha,veg,asc_manual,948.71,228.59,24.31,4.29,12.43,1.47,4.49,1508.61,2482.22,7749.82,0.00,20.33,120.66,49.59,153.94,150.07,1.94,0.19,18.51,0.00,1.10,0.02,1.10,0.00,5.88,4.82,0.00,4.64,0.00,16.33,0.17,0.06,0.95,0.38,0.12,0.59,16.33,2.61,293.34,parantha,727.63,175.32,18.64,3.29,9.53,1.13,3.44,1157.05,1903.78,5943.85,0.00,15.59,92.54,38.03,118.07,115.10,1.49,0.15,14.20,0.00,0.85,0.01,0.84,0.00,4.51,3.70,0.00,3.56,0.00,12.52,0.13,0.05,0.73,0.29,0.09,0.45,12.52,2.00,224.98
ASC105,Paneer parantha/paratha,veg,asc_manual,1093.35,262.97,24.33,7.98,14.62,3.77,4.00,3429.66,3237.83,7067.94,0.00,127.65,181.47,48.99,142.52,141.55,1.70,0.19,22.13,0.03,1.01,0.01,1.59,0.00,5.31,4.37,0.00,4.10,0.00,34.11,0.14,0.08,0.85,0.42,0.10,5.43,34.11,1.99,303.06,parantha,929.68,223.60,20.68,6.79,12.43,3.21,3.40,2916.24,2753.13,6009.87,0.00,108.54,154.30,41.66,121.18,120.36,1.44,0.16,18.82,0.02,0.86,0.01,1.35,0.00,4.51,3.71,0.00,3.48,0.00,29.00,0.12,0.06,0.72,0.36,0.09,4.62,29.00,1.69,257.70
ASC106,Besan and spinach parantha/paratha (Besan aur palak ka parantha/paratha),veg,asc_manual,901.21,216.49,21.39,5.54,12.09,1.31,4.39,1478.47,2414.97,7507.21,0.00,33.07,101.72,53.30,177.19,251.93,1.85,0.18,11.71,0.01,1.06,0.01,0.90,0.00,6.02,2.89,0.00,68.84,0.00,61.41,0.18,0.08,0.85,0.41,0.15,2.29,61.41,8.08,2059.79,parantha,741.49,178.12,17.60,4.56,9.94,1.08,3.62,1216.43,1986.96,6176.68,0.00,27.21,83.70,43.85,145.78,207.28,1.53,0.15,9.63,0.01,0.87,0.01,0.74,0.00,4.95,2.38,0.00,56.64,0.00,50.53,0.15,0.06,0.70,0.33,0.13,1.88,50.53,6.65,1694.73
ASC113,Boiled rice (Uble chawal),veg,asc_manual,490.33,117.19,25.72,2.60,0.18,0.22,1.25,50.00,28.89,72.00,0.00,2.70,46.67,8.91,1.05,47.33,0.24,0.09,0.40,0.00,0.26,0.02,0.36,0.00,0.03,0.00,0.00,0.50,0.00,3.25,0.06,0.02,0.84,0.18,0.07,0.10,3.25,0.00,15.63,plate,1471.00,351.57,77.16,7.81,0.55,0.67,3.74,150.00,86.66,216.00,0.00,8.11,140.00,26.72,3.16,142.00,0.72,0.27,1.19,0.00,0.79,0.05,1.08,0.00,0.09,0.00,0.00,1.50,0.00,9.75,0.17,0.06,2.51,0.55,0.22,0.31,9.75,0.00,46.90
ASC115,Mixed vegetable pulao,veg,asc_manual,471.00,113.05,17.49,2.72,3.33,1.35,2.67,427.80,671.57,2058.53,0.00,19.61,44.58,17.60,187.92,133.82,0.60,0.11,0.49,0.00,0.43,0.03,0.43,0.00,1.60,1.95,0.00,9.58,0.00,18.39,0.08,0.02,0.73,0.27,0.12,1.40,18.39,5.96,1340.13,plate,2064.84,495.61,76.68,11.94,14.59,5.93,11.69,1875.46,2944.18,9024.61,0.00,85.96,195.46,77.18,823.84,586.66,2.64,0.46,2.16,0.01,1.87,0.12,1.91,0.00,7.00,8.56,0.00,42.00,0.00,80.63,0.33,0.10,3.20,1.17,0.51,6.14,80.63,26.15,5875.11
ASC126,Curd rice (Dahi bhaat/Dahi chawal/ Perugu annam/Daddojanam/Thayir saadam),veg,asc_manual,818.47,195.74,32.93,5.75,4.32,3.91,2.13,1595.74,1009.27,1392.21,3.12,101.52,133.75,24.28,213.29,211.78,0.59,0.13,1.83,0.01,0.35,0.06,0.74,7.93,1.06,1.58,0.00,7.91,0.00,13.06,0.10,0.15,1.14,0.46,0.14,1.45,13.06,2.36,1872.22,plate,1769.20,423.11,71.18,12.44,9.33,8.46,4.61,3449.35,2181.65,3009.39,6.74,219.44,289.11,52.48,461.05,457.78,1.28,0.28,3.96,0.01,0.76,0.13,1.60,17.15,2.29,3.42,0.00,17.10,0.00,28.24,0.22,0.31,2.47,0.99,0.30,3.14,28.24,5.10,4046.99
ASC144,Idli,veg,asc_manual,575.46,137.54,28.18,4.64,0.33,0.28,2.31,72.42,44.49,138.65,0.00,8.00,79.30,25.44,100.83,158.13,0.68,0.14,2.75,0.00,0.38,0.05,0.62,0.00,0.04,0.84,0.00,1.28,0.00,11.77,0.07,0.03,0.93,0.46,0.09,0.17,11.77,0.00,41.87,idli,144.23,34.47,7.06,1.16,0.08,0.07,0.58,18.15,11.15,34.75,0.00,2.01,19.88,6.38,25.27,39.63,0.17,0.04,0.69,0.00,0.10,0.01,0.16,0.00,0.01,0.21,0.00,0.32,0.00,2.95,0.02,0.01,0.23,0.11,0.02,0.04,2.95,0.00,10.49
ASC146,Masala dosa,veg,asc_manual,683.80,164.58,19.57,3.29,7.84,1.33,2.52,964.81,1609.59,4867.08,0.00,15.58,62.57,26.62,191.28,271.77,0.79,0.13,2.34,0.00,0.31,0.10,0.50,0.00,3.71,1.48,0.00,5.96,0.00,17.05,0.06,0.03,0.84,0.39,0.09,0.90,17.05,6.75,1008.09,dosa,1433.68,345.08,41.02,6.89,16.44,2.78,5.29,2022.87,3374.76,10204.56,0.00,32.67,131.19,55.82,401.04,569.81,1.65,0.27,4.90,0.01,0.66,0.20,1.04,0.00,7.77,3.10,0.00,12.49,0.00,35.76,0.13,0.06,1.76,0.83,0.20,1.89,35.76,14.14,2113.61
ASC153,Split bengal gram with bottle gourd (Channa dal with ghiya/lauki),veg,asc_manual,304.63,73.25,7.10,2.79,3.60,1.05,2.72,425.79,710.88,2148.68,0.00,14.33,46.19,21.16,149.47,183.95,0.99,0.12,5.86,0.00,0.34,0.04,0.50,0.00,1.48,1.84,0.00,4.86,0.00,32.43,0.06,0.02,0.36,0.33,0.05,0.97,32.43,5.45,803.01,bowl,849.39,204.25,19.80,7.78,10.05,2.92,7.59,1187.22,1982.16,5991.16,0.00,39.97,128.78,58.99,416.76,512.90,2.75,0.34,16.33,0.01,0.95,0.12,1.39,0.00,4.13,5.12,0.00,13.56,0.00,90.42,0.15,0.07,0.99,0.93,0.15,2.71,90.42,15.20,2239.02
ASC155,Mixed dal,veg,asc_manual,257.36,61.93,5.79,2.51,3.10,0.34,1.62,371.54,624.55,1869.15,0.00,11.00,42.41,19.72,141.36,144.27,0.78,0.10,4.24,0.00,0.27,0.11,0.36,0.00,1.36,0.59,0.00,2.16,0.00,13.55,0.04,0.02,0.24,0.23,0.03,0.19,13.55,0.37,107.33,bowl,766.51,184.44,17.25,7.46,9.24,1.01,4.81,1106.56,1860.10,5566.90,0.00,32.75,126.30,58.73,421.03,429.68,2.33,0.29,12.62,0.01,0.80,0.33,1.07,0.00,4.05,1.77,0.00,6.43,0.00,40.35,0.11,0.05,0.71,0.68,0.10,0.57,40.35,1.10,319.65
ASC161,Black channa curry/Bengal gram curry (Kale chane ki curry),veg,asc_manual,585.35,140.68,14.11,5.67,6.61,2.36,7.99,773.59,1286.60,3881.21,0.00,53.87,87.47,55.36,358.63,388.59,2.43,0.27,10.43,0.01,0.95,0.11,1.04,0.00,3.02,5.83,0.00,17.61,0.00,72.87,0.12,0.08,0.90,0.77,0.17,1.36,72.87,12.62,3014.28,bowl,701.96,168.70,16.93,6.79,7.93,2.82,9.58,927.69,1542.89,4654.35,0.00,64.61,104.90,66.38,430.07,465.99,2.92,0.33,12.50,0.01,1.14,0.14,1.24,0.00,3.63,7.00,0.00,21.12,0.00,87.38,0.15,0.10,1.08,0.92,0.20,1.63,87.38,15.13,3614.73
ASC162,Chickpeas curry (Safed channa curry),veg,asc_manual,680.17,163.43,19.98,6.10,6.84,4.78,4.73,811.11,1409.18,3979.53,0.00,30.61,83.72,35.09,357.99,334.30,1.82,0.23,0.11,0.00,1.31,0.06,0.88,0.00,2.80,5.35,0.00,19.33,0.00,153.92,0.15,0.07,0.76,0.57,0.21,1.13,153.92,13.62,2774.37,bowl,815.66,195.99,23.96,7.31,8.21,5.74,5.67,972.69,1689.89,4772.25,0.00,36.71,100.40,42.08,429.30,400.89,2.18,0.27,0.13,0.00,1.57,0.07,1.06,0.00,3.36,6.42,0.00,23.19,0.00,184.58,0.18,0.09,0.91,0.69,0.26,1.35,184.58,16.33,3327.03
ASC164,Soyabean curry,veg,asc_manual,679.92,163.28,6.76,10.43,10.19,2.66,7.34,1411.26,2269.00,6066.17,0.00,65.13,144.26,62.61,352.69,563.45,2.79,0.26,4.33,0.01,0.84,0.19,1.06,0.00,2.93,22.81,0.00,28.64,0.00,86.63,0.19,0.08,0.95,0.67,0.19,1.32,86.63,12.62,2834.92,bowl,815.36,195.80,8.11,12.50,12.22,3.19,8.80,1692.39,2720.99,7274.55,0.00,78.11,173.00,75.08,422.95,675.69,3.35,0.31,5.19,0.01,1.01,0.23,1.27,0.00,3.51,27.36,0.00,34.35,0.00,103.88,0.22,0.09,1.13,0.80,0.23,1.58,103.88,15.13,3399.63
ASC165,Kidney bean curry (Rajmah curry),veg,asc_manual,598.11,143.73,16.38,5.95,5.77,2.49,5.83,724.31,1085.92,3529.48,0.00,47.87,123.00,58.61,354.60,485.90,2.27,0.26,5.73,0.01,0.58,0.10,0.87,0.00,2.65,12.04,0.00,18.31,0.00,93.63,0.11,0.07,0.98,0.63,0.13,1.32,93.63,13.62,2790.14,bowl,717.26,172.36,19.64,7.14,6.92,2.98,6.99,868.59,1302.24,4232.55,0.00,57.41,147.50,70.28,425.24,582.69,2.72,0.31,6.87,0.01,0.70,0.13,1.04,0.00,3.18,14.44,0.00,21.96,0.00,112.28,0.13,0.08,1.18,0.76,0.16,1.58,112.28,16.33,3345.93
ASC167,Sambar,veg,asc_manual,404.50,96.92,10.57,3.35,4.38,3.31,3.52,1886.49,544.73,1179.96,0.00,30.24,59.32,32.16,159.54,298.29,1.24,0.20,2.36,0.01,0.28,0.11,0.47,0.00,1.04,3.31,0.00,34.16,0.00,26.51,0.08,0.05,0.53,0.26,0.08,0.78,26.51,7.91,1606.20,bowl,1040.57,249.32,27.19,8.62,11.27,8.51,9.06,4853.00,1401.31,3035.44,0.00,77.79,152.60,82.74,410.41,767.36,3.18,0.52,6.07,0.02,0.73,0.28,1.20,0.00,2.67,8.51,0.00,87.87,0.00,68.19,0.21,0.12,1.36,0.68,0.20,2.02,68.19,20.35,4131.96
ASC170,Sprouted moong dal chat,veg,asc_manual,135.79,32.47,6.01,1.35,0.32,1.57,1.35,66.64,34.80,122.83,0.00,16.54,30.22,17.45,87.07,218.92,0.88,0.05,0.32,0.00,0.12,0.00,0.23,0.00,0.06,2.67,0.00,7.24,0.00,16.81,0.05,0.02,0.51,0.29,0.08,1.33,16.81,15.12,1275.90,plate,348.30,83.30,15.40,3.46,0.82,4.02,3.45,170.93,89.25,315.07,0.00,42.41,77.50,44.76,223.34,561.53,2.25,0.13,0.81,0.01,0.31,0.01,0.60,0.00,0.16,6.86,0.00,18.57,0.00,43.12,0.13,0.06,1.30,0.75,0.20,3.41,43.12,38.78,3272.69
ASC171,Potato cauliflower (Aloo gobhi),veg,asc_manual,439.24,106.18,5.99,1.90,8.13,0.44,3.02,1022.19,1605.37,5068.74,0.00,22.87,44.46,25.22,254.76,378.78,1.07,0.07,0.50,0.01,0.36,0.04,0.31,0.00,3.83,1.05,0.00,13.78,0.00,31.83,0.04,0.05,0.55,0.48,0.12,1.88,31.83,34.77,321.87,bowl,771.97,186.61,10.53,3.33,14.28,0.77,5.30,1796.50,2821.43,8908.31,0.00,40.20,78.14,44.33,447.74,665.70,1.87,0.13,0.87,0.01,0.63,0.07,0.54,0.00,6.74,1.84,0.00,24.22,0.00,55.94,0.08,0.09,0.96,0.85,0.21,3.31,55.94,61.11,565.68
ASC173,Cabbage and peas (Pattagobhi aur matar),veg,asc_manual,265.74,63.88,6.24,3.24,2.64,0.97,3.99,343.88,529.15,1635.28,0.00,45.50,40.40,28.59,253.73,255.50,1.10,0.10,1.16,0.00,0.46,0.05,0.48,0.00,1.31,4.29,0.00,86.08,0.00,45.68,0.10,0.04,0.59,0.37,0.15,2.16,45.68,32.99,772.20,bowl,441.78,106.21,10.37,5.39,4.40,1.61,6.63,571.70,879.71,2718.66,0.00,75.64,67.17,47.53,421.83,424.76,1.83,0.17,1.94,0.01,0.77,0.09,0.79,0.00,2.17,7.14,0.00,143.11,0.00,75.95,0.17,0.07,0.99,0.61,0.25,3.60,75.95,54.84,1283.79
ASC190,Pea potato curry (Aloo matar),veg,asc_manual,419.09,100.92,9.74,3.48,5.13,1.86,3.61,631.82,1031.29,3196.23,0.00,21.10,40.52,27.53,154.83,274.26,1.02,0.13,0.80,0.00,0.35,0.03,0.56,0.00,2.55,7.12,0.00,24.68,0.00,31.77,0.13,0.02,0.85,0.42,0.13,2.44,31.77,25.24,1722.54,bowl,1162.27,279.89,27.01,9.66,14.22,5.17,10.01,1752.22,2860.08,8864.12,0.00,58.52,112.36,76.35,429.40,760.61,2.82,0.37,2.21,0.01,0.98,0.09,1.56,0.00,7.06,19.74,0.00,68.44,0.00,88.11,0.35,0.07,2.37,1.17,0.37,6.76,88.11,70.01,4777.11
ASC191,Pea paneer curry (Matar paneer),veg,asc_manual,560.98,134.83,9.29,6.61,7.75,3.89,3.30,2219.72,1804.05,3252.12,0.00,105.20,92.18,27.99,157.34,188.18,1.08,0.14,4.83,0.02,0.35,0.03,1.01,0.00,2.54,7.11,0.00,24.29,0.00,45.80,0.12,0.04,0.69,0.44,0.12,5.99,45.80,21.07,1720.01,bowl,1555.77,373.94,25.77,18.32,21.49,10.80,9.15,6155.94,5003.17,9019.12,0.00,291.76,255.65,77.63,436.36,521.88,2.99,0.38,13.40,0.06,0.97,0.09,2.79,0.00,7.04,19.71,0.00,67.38,0.00,127.01,0.33,0.11,1.91,1.22,0.34,16.60,127.01,58.44,4770.11
ASC192,Pea mushroom curry (Matar mushroom),veg,asc_manual,387.18,93.30,7.41,3.87,5.16,1.82,3.86,635.30,1030.03,3220.39,0.00,22.70,48.39,26.49,155.48,234.06,0.97,0.13,0.66,0.00,0.35,0.03,0.54,0.00,2.54,10.79,0.00,26.55,0.00,30.47,0.12,0.03,0.79,0.43,0.14,3.86,30.47,21.07,1685.04,bowl,1073.77,258.74,20.55,10.73,14.31,5.06,10.71,1761.88,2856.58,8931.12,0.00,62.95,134.21,73.47,431.20,649.11,2.68,0.37,1.83,0.01,0.98,0.09,1.51,0.00,7.04,29.91,0.00,73.63,0.00,84.49,0.33,0.08,2.19,1.19,0.38,10.70,84.49,58.44,4673.11
ASC193,Pea curry (Matar ki sabzi),veg,asc_manual,427.75,102.99,9.20,4.51,5.11,1.98,4.44,627.39,1033.98,3183.12,0.00,24.48,42.77,30.42,154.75,221.62,1.20,0.16,0.96,0.00,0.41,0.03,0.71,0.00,2.57,9.41,0.00,32.27,0.00,38.85,0.16,0.03,0.90,0.47,0.15,2.92,38.85,27.99,1916.89,bowl,1186.27,285.63,25.50,12.51,14.17,5.50,12.31,1739.94,2867.55,8827.74,0.00,67.88,118.63,84.37,429.17,614.61,3.33,0.44,2.65,0.01,1.14,0.09,1.97,0.00,7.14,26.10,0.00,89.49,0.00,107.74,0.46,0.08,2.49,1.32,0.42,8.10,107.74,77.64,5316.11
ASC194,Pea vadi curry,veg,asc_manual,423.44,101.95,8.90,4.64,5.08,1.92,4.28,622.96,1025.84,3141.94,0.00,23.62,44.59,30.16,149.51,216.10,1.20,0.16,0.92,0.00,0.41,0.03,0.71,0.00,2.52,9.08,0.00,31.14,0.00,38.02,0.16,0.03,0.87,0.46,0.15,2.82,38.02,27.02,1850.25,bowl,1216.67,292.93,25.57,13.32,14.59,5.53,12.31,1789.94,2947.55,9027.74,0.00,67.88,128.13,86.67,429.57,620.91,3.45,0.46,2.65,0.01,1.18,0.09,2.04,0.00,7.23,26.10,0.00,89.49,0.00,109.24,0.46,0.08,2.50,1.32,0.43,8.10,109.24,77.64,5316.31
ASC195,Paneer curry,veg,asc_manual,734.21,176.52,8.40,7.80,12.38,6.29,1.40,4126.76,2989.88,4484.07,0.00,189.06,139.48,21.83,216.09,142.72,0.81,0.09,8.68,0.04,0.27,0.04,1.18,0.00,3.38,3.37,0.00,11.45,0.00,47.23,0.03,0.05,0.33,0.33,0.08,8.81,47.23,9.90,1745.97,bowl,1485.52,357.15,16.99,15.78,25.06,12.72,2.83,8349.68,6049.42,9072.63,0.00,382.52,282.20,44.17,437.21,288.76,1.63,0.18,17.56,0.09,0.55,0.07,2.39,0.00,6.84,6.83,0.00,23.16,0.00,95.56,0.07,0.11,0.67,0.66,0.16,17.82,95.56,20.04,3532.61
ASC198,Pea kofta curry (Matar kofta curry),veg,asc_manual,2451.23,595.66,4.17,2.01,63.39,0.88,1.70,7648.10,13003.86,40099.15,0.21,13.84,21.50,12.23,83.07,88.85,0.56,0.07,0.43,0.00,0.17,0.01,0.29,0.54,31.22,3.34,0.00,15.41,0.00,16.54,0.07,0.02,0.35,0.19,0.06,1.19,16.54,9.57,682.24,bowl,19131.83,4649.16,32.53,15.69,494.78,6.89,13.30,59693.38,101495.12,312973.84,1.65,108.04,167.83,95.49,648.34,693.46,4.37,0.52,3.37,0.01,1.35,0.09,2.25,4.20,243.65,26.04,0.00,120.28,0.00,129.13,0.51,0.13,2.72,1.51,0.47,9.31,129.13,74.66,5324.85
ASC199,Spinach kofta curry (Palak kofta curry),veg,asc_manual,2353.02,571.78,3.56,1.09,61.49,0.82,0.92,7427.78,12579.95,38832.86,0.20,29.31,17.90,20.78,104.51,158.65,0.83,0.06,0.75,0.01,0.29,0.01,0.17,0.52,30.40,0.88,0.00,67.09,0.00,31.12,0.05,0.03,0.21,0.09,0.05,1.07,31.12,7.94,2201.10,bowl,18969.34,4609.49,28.74,8.75,495.73,6.60,7.45,59880.52,101415.77,313058.91,1.65,236.33,144.28,167.55,842.51,1279.02,6.69,0.47,6.04,0.05,2.35,0.08,1.40,4.20,245.05,7.12,0.00,540.88,0.00,250.89,0.38,0.25,1.67,0.70,0.40,8.63,250.89,64.05,17744.65
ASC200,Paneer kofta curry,veg,asc_manual,2761.29,670.91,3.27,2.39,72.06,1.98,0.40,9450.37,14918.83,44643.90,0.24,59.49,44.26,7.07,121.72,48.29,0.34,0.03,2.55,0.01,0.08,0.01,0.36,0.60,34.68,0.97,0.00,7.57,0.00,13.94,0.01,0.02,0.10,0.10,0.02,2.60,13.94,2.43,504.73,bowl,19356.68,4703.08,22.92,16.72,505.16,13.89,2.81,66247.12,104580.99,312953.75,1.65,417.03,310.26,49.57,853.23,338.51,2.42,0.24,17.88,0.09,0.59,0.07,2.54,4.20,243.10,6.77,0.00,53.05,0.00,97.75,0.08,0.15,0.71,0.73,0.17,18.19,97.75,17.06,3538.15
ASC202,Raw banana kofta curry (Kela kofta curry),veg,asc_manual,2580.81,627.27,3.40,0.62,67.98,2.30,0.59,8205.31,13944.75,43014.20,0.23,9.23,12.07,6.84,88.40,71.35,0.28,0.03,0.10,0.00,0.11,0.01,0.09,0.58,33.46,0.92,0.00,7.41,0.00,6.42,0.02,0.02,0.17,0.09,0.05,0.61,6.42,3.25,472.07,bowl,18766.88,4561.33,24.76,4.52,494.33,16.74,4.30,59666.52,101402.03,312786.41,1.65,67.09,87.75,49.72,642.79,518.81,2.06,0.24,0.72,0.01,0.81,0.07,0.64,4.20,243.32,6.73,0.00,53.86,0.00,46.68,0.17,0.11,1.22,0.65,0.37,4.44,46.68,23.63,3432.75
ASC203,Cauliflower kofta curry (Phoolgobhi kofta curry),veg,asc_manual,2637.44,641.10,2.62,1.04,69.62,0.83,1.00,8405.75,14273.88,44035.94,0.23,12.26,18.15,7.82,93.65,82.16,0.40,0.03,0.20,0.00,0.13,0.01,0.13,0.59,34.23,1.08,0.00,9.19,0.00,12.59,0.02,0.02,0.16,0.14,0.04,0.77,12.59,7.59,486.17,bowl,18756.70,4559.31,18.61,7.38,495.14,5.90,7.09,59779.17,101511.55,313170.41,1.65,87.18,129.05,55.61,666.01,584.29,2.84,0.24,1.43,0.01,0.90,0.08,0.91,4.20,243.46,7.72,0.00,65.37,0.00,89.51,0.16,0.15,1.13,1.01,0.31,5.45,89.51,53.98,3457.49
ASC204,Cabbage kofta curry (Pattagobhi kofta curry),veg,asc_manual,2632.23,639.81,2.87,0.98,69.40,0.89,0.90,8374.77,14234.40,43899.34,0.23,15.46,16.56,7.32,92.85,72.21,0.34,0.03,0.28,0.00,0.12,0.01,0.11,0.59,34.14,0.97,0.00,19.54,0.00,12.68,0.02,0.02,0.16,0.10,0.04,0.65,12.68,6.11,508.21,bowl,18772.28,4562.95,20.50,6.96,494.94,6.35,6.43,59726.33,101515.47,313076.94,1.65,110.23,118.08,52.23,662.20,514.97,2.42,0.23,2.03,0.01,0.89,0.08,0.81,4.20,243.48,6.88,0.00,139.37,0.00,90.40,0.15,0.14,1.11,0.72,0.31,4.66,90.40,43.56,3624.38
ASC206,Spinach paneer kofta curry (Palak paneer kofta curry),veg,asc_manual,2493.70,606.03,2.94,1.43,65.41,1.16,0.75,8131.10,13438.53,41051.05,0.22,37.71,25.35,16.59,99.37,125.10,0.68,0.05,1.26,0.01,0.23,0.01,0.23,0.55,32.05,0.91,0.00,49.58,0.00,25.96,0.03,0.03,0.16,0.09,0.04,1.55,25.96,6.21,1704.15,bowl,19014.46,4620.94,22.44,10.88,498.74,8.85,5.69,61999.62,102468.82,313014.25,1.65,287.52,193.31,126.49,757.71,953.92,5.17,0.38,9.59,0.06,1.73,0.08,1.73,4.20,244.39,6.97,0.00,378.05,0.00,197.93,0.26,0.21,1.25,0.71,0.32,11.81,197.93,47.34,12994.15
ASC208,Baked vegetables,veg,asc_manual,371.43,88.99,8.44,3.67,4.44,2.56,2.34,2685.07,1146.21,231.80,8.27,80.20,90.12,19.93,124.70,221.88,0.62,0.07,0.91,0.00,0.16,0.01,0.52,32.53,0.22,3.50,0.00,13.66,0.00,25.52,0.08,0.07,0.48,0.40,0.12,2.58,25.52,15.55,1693.73,bowl,1123.58,269.19,25.52,11.10,13.42,7.75,7.07,8122.33,3467.28,701.20,25.00,242.60,272.61,60.28,377.22,671.17,1.88,0.23,2.76,0.01,0.50,0.03,1.58,98.42,0.67,10.59,0.00,41.32,0.00,77.19,0.23,0.21,1.45,1.20,0.36,7.80,77.19,47.05,5123.54
ASC210,Baked vegetables with spinach ,veg,asc_manual,324.45,77.79,6.93,3.22,4.03,2.09,2.33,2163.45,986.69,546.36,6.55,78.63,74.08,35.62,122.85,314.32,1.16,0.10,1.16,0.01,0.39,0.01,0.50,26.67,0.70,2.61,0.00,86.85,0.00,52.72,0.09,0.08,0.43,0.35,0.12,2.93,52.72,18.64,3474.59,bowl,1374.13,329.47,29.35,13.63,17.06,8.84,9.85,9162.70,4178.87,2313.94,27.75,333.00,313.76,150.85,520.29,1331.22,4.91,0.42,4.93,0.04,1.67,0.05,2.10,112.97,2.98,11.07,0.00,367.81,0.00,223.29,0.40,0.32,1.83,1.47,0.53,12.42,223.29,78.95,14715.69
ASC211,Baked potato with skin ,veg,asc_manual,563.80,135.77,11.11,3.43,8.50,1.66,1.20,5243.81,2214.89,380.72,21.72,90.06,121.89,21.18,354.50,392.71,0.50,0.07,1.18,0.00,0.12,0.02,0.51,86.95,0.26,0.20,0.00,2.52,0.00,12.75,0.05,0.06,0.69,0.37,0.08,1.80,12.75,15.15,225.93,bowl,441.88,106.41,8.71,2.69,6.66,1.30,0.94,4109.84,1735.92,298.39,17.02,70.58,95.53,16.60,277.84,307.79,0.39,0.06,0.92,0.00,0.10,0.01,0.40,68.15,0.20,0.16,0.00,1.98,0.00,9.99,0.04,0.04,0.54,0.29,0.06,1.41,9.99,11.88,177.07
ASC215,Spinach paneer (Palak paneer),veg,asc_manual,323.55,77.68,4.43,4.03,4.76,2.55,1.91,1587.57,1101.39,1711.86,0.00,113.25,69.62,54.13,166.87,386.63,1.85,0.13,4.23,0.03,0.71,0.01,0.68,0.00,1.83,2.31,0.00,170.45,0.00,90.37,0.10,0.07,0.34,0.25,0.11,5.39,90.37,20.38,5906.13,bowl,956.09,229.55,13.09,11.92,14.07,7.54,5.63,4691.28,3254.60,5058.54,0.00,334.65,205.73,159.94,493.09,1142.49,5.47,0.37,12.50,0.09,2.09,0.03,2.02,0.00,5.41,6.83,0.00,503.69,0.00,267.05,0.29,0.21,1.00,0.73,0.34,15.91,267.05,60.21,17452.62
ASC216,Methi chaman,veg,asc_manual,1957.78,475.62,2.78,1.54,50.91,1.79,0.53,6884.08,10537.24,31291.37,0.00,60.57,41.04,12.51,54.94,115.42,0.63,0.04,0.54,0.01,0.14,0.01,0.19,0.00,24.42,0.17,0.00,41.01,0.00,14.16,0.03,0.06,0.14,0.18,0.05,1.21,14.16,6.32,1205.41,bowl,19607.21,4763.38,27.83,15.44,509.84,17.95,5.27,68944.06,105530.43,313383.03,0.00,606.60,411.01,125.24,550.23,1155.97,6.29,0.40,5.45,0.05,1.37,0.09,1.89,0.00,244.56,1.71,0.00,410.70,0.00,141.85,0.28,0.56,1.42,1.75,0.48,12.15,141.85,63.26,12072.21
ASC217,Sarson ka saag,veg,asc_manual,364.17,87.84,5.33,3.00,5.86,0.75,3.69,3303.10,1432.99,570.51,13.24,134.41,61.91,55.11,165.45,399.56,2.43,0.20,5.07,0.03,0.67,0.02,0.65,50.77,0.86,4.37,0.00,176.60,0.00,90.78,0.09,0.16,0.57,0.26,0.16,2.01,90.78,42.12,5512.58,bowl,515.16,124.26,7.53,4.25,8.29,1.07,5.22,4672.57,2027.11,807.04,18.74,190.14,87.57,77.96,234.05,565.22,3.44,0.28,7.17,0.04,0.94,0.03,0.91,71.82,1.22,6.18,0.00,249.82,0.00,128.42,0.13,0.22,0.81,0.37,0.23,2.85,128.42,59.58,7798.09
ASC218,Jackfruit sabzi (Kathal ki sabzi),veg,asc_manual,2572.48,625.40,3.40,0.69,67.60,2.59,1.02,8126.67,13872.31,42800.21,0.00,9.85,8.83,8.88,58.95,80.75,0.27,0.05,0.03,0.00,0.12,0.01,0.08,0.00,33.29,2.18,0.00,13.52,0.00,8.90,0.02,0.01,0.15,0.07,0.06,0.95,8.90,3.91,479.51,bowl,9290.91,2258.72,12.28,2.49,244.13,9.35,3.70,29350.69,50101.95,154579.39,0.00,35.57,31.90,32.06,212.90,291.64,0.98,0.20,0.12,0.01,0.44,0.04,0.28,0.00,120.23,7.86,0.00,48.81,0.00,32.14,0.06,0.02,0.54,0.24,0.20,3.42,32.14,14.11,1731.81
ASC219,Avial,veg,asc_manual,520.92,124.56,8.47,2.46,8.94,3.83,5.44,6227.57,550.74,219.96,0.00,31.90,60.03,36.40,81.50,378.30,1.01,0.21,3.90,0.01,0.40,0.05,0.40,0.00,1.04,2.23,0.00,89.50,0.00,32.27,0.05,0.04,0.55,0.29,0.17,2.70,32.27,28.25,1270.84,bowl,1745.36,417.34,28.39,8.25,29.94,12.82,18.24,20865.47,1845.26,736.97,0.00,106.88,201.13,121.96,273.05,1267.49,3.39,0.70,13.05,0.02,1.35,0.15,1.33,0.00,3.49,7.49,0.00,299.87,0.00,108.12,0.16,0.14,1.84,0.98,0.58,9.05,108.12,94.64,4257.95
ASC221,Shahi paneer,veg,asc_manual,649.74,156.50,6.64,5.06,12.34,5.01,1.40,7253.38,3336.88,668.64,23.70,125.38,97.37,18.29,215.35,170.60,0.62,0.07,4.74,0.02,0.24,0.02,0.76,92.19,0.66,4.90,0.00,13.53,0.00,30.30,0.04,0.07,0.45,0.28,0.09,5.26,30.30,11.89,2763.73,bowl,1685.04,405.86,17.22,13.13,32.01,13.00,3.64,18810.91,8653.86,1734.04,61.47,325.15,252.53,47.43,558.48,442.44,1.61,0.18,12.28,0.06,0.62,0.05,1.96,239.07,1.70,12.71,0.00,35.08,0.00,78.58,0.10,0.18,1.16,0.73,0.23,13.65,78.58,30.83,7167.45
ASC224,Chilli paneer,veg,asc_manual,3199.66,777.51,3.31,2.10,84.01,1.50,0.50,10750.48,17529.38,52208.83,0.34,42.90,38.62,8.81,89.04,54.25,0.36,0.05,2.31,0.01,0.06,0.01,0.32,0.88,40.54,0.42,0.00,8.62,0.00,9.67,0.02,0.02,0.18,0.08,0.02,1.87,9.67,1.64,1217.75,bowl,9499.15,2308.28,9.82,6.24,249.41,4.46,1.49,31916.02,52041.23,154997.59,1.00,127.37,114.65,26.17,264.34,161.05,1.06,0.15,6.86,0.03,0.17,0.04,0.95,2.60,120.36,1.23,0.00,25.59,0.00,28.70,0.06,0.07,0.52,0.23,0.06,5.55,28.70,4.87,3615.27
ASC226,Kadhai Paneer,veg,asc_manual,449.91,107.99,7.34,4.33,6.81,5.54,2.07,1950.52,1574.98,2863.85,0.00,91.53,80.68,22.40,144.33,290.81,0.65,0.12,3.87,0.02,0.23,0.01,0.66,0.00,2.84,4.08,0.00,12.01,0.00,36.81,0.16,0.05,0.80,0.25,0.12,5.52,36.81,26.98,2379.68,bowl,1431.31,343.56,23.35,13.78,21.66,17.62,6.58,6205.17,5010.48,9110.78,0.00,291.18,256.67,71.26,459.16,925.14,2.05,0.38,12.32,0.07,0.74,0.04,2.10,0.00,9.04,12.98,0.00,38.22,0.00,117.12,0.50,0.15,2.54,0.80,0.37,17.57,117.12,85.83,7570.49
ASC229,Pea keema curry (Matar keema ki sabzi),veg,asc_manual,553.15,133.00,6.24,8.43,8.14,1.82,2.96,2401.20,2411.70,2748.27,22.87,35.60,89.75,27.29,148.38,252.63,1.35,0.12,1.24,0.00,0.54,0.03,1.48,2.68,2.10,5.88,0.00,19.99,0.00,24.76,0.13,0.08,1.95,0.57,0.16,2.48,24.76,16.18,1356.01,bowl,1901.89,457.30,21.46,29.00,27.98,6.25,10.18,8256.05,8292.15,9449.37,78.65,122.42,308.59,93.82,510.16,868.61,4.64,0.42,4.27,0.01,1.85,0.10,5.10,9.20,7.23,20.20,0.00,68.75,0.00,85.14,0.45,0.28,6.70,1.96,0.54,8.52,85.14,55.62,4662.37
ASC230,Keema kofta curry,veg,asc_manual,643.38,154.45,5.64,9.77,10.39,2.14,1.51,3273.04,3229.65,2994.87,57.79,49.89,118.72,22.07,311.51,251.56,1.25,0.08,4.44,0.00,0.41,0.04,1.65,19.41,2.27,2.28,0.06,8.13,1.10,15.98,0.08,0.12,2.11,0.60,0.15,3.04,15.98,5.87,1054.57,kofta,265.86,63.82,2.33,4.04,4.29,0.88,0.62,1352.50,1334.57,1237.56,23.88,20.61,49.06,9.12,128.72,103.95,0.52,0.03,1.84,0.00,0.17,0.02,0.68,8.02,0.94,0.94,0.03,3.36,0.46,6.60,0.03,0.05,0.87,0.25,0.06,1.25,6.60,2.43,435.77
ASC232,Mutton desi,non-veg,asc_manual,434.62,104.13,0.84,8.27,7.70,0.13,0.67,239.48,472.15,1137.71,0.00,88.61,72.01,8.54,101.02,154.30,1.66,0.02,0.12,0.00,0.71,0.02,0.10,0.00,0.86,0.44,0.00,1.41,0.00,2.81,0.09,0.07,3.07,0.01,0.01,0.04,2.81,0.04,19.19,bowl,1008.97,241.73,1.96,19.20,17.88,0.29,1.56,555.96,1096.09,2641.19,0.00,205.71,167.18,19.82,234.51,358.21,3.85,0.05,0.28,0.00,1.66,0.06,0.24,0.00,2.00,1.01,0.00,3.28,0.00,6.51,0.20,0.15,7.12,0.03,0.02,0.09,6.51,0.09,44.55
ASC233,Chicken steamed,non-veg,asc_manual,413.28,99.00,0.78,10.66,6.10,0.12,0.62,608.83,906.32,1222.13,29.29,28.24,91.52,17.47,97.38,175.38,0.93,0.15,8.94,0.00,0.67,0.02,0.47,3.31,0.93,0.40,0.66,1.30,13.23,5.25,0.06,0.03,3.96,0.56,0.26,1.99,5.25,0.04,14.10,bowl,1042.08,249.63,1.96,26.88,15.38,0.29,1.56,1535.16,2285.29,3081.59,73.86,71.20,230.78,44.06,245.55,442.21,2.35,0.38,22.55,0.00,1.68,0.06,1.17,8.35,2.35,1.01,1.66,3.28,33.36,13.24,0.14,0.09,9.99,1.41,0.65,5.02,13.24,0.09,35.55
ASC234,Mutton do piaza,non-veg,asc_manual,762.28,183.30,4.14,9.39,14.41,2.90,1.93,5648.94,2965.96,673.42,77.86,118.61,120.41,18.38,118.62,240.92,1.63,0.07,6.76,0.00,0.52,0.02,0.50,110.97,0.75,0.48,0.13,4.79,2.22,20.46,0.09,0.13,2.28,0.41,0.08,3.93,20.46,2.25,357.27,bowl,2507.89,603.07,13.61,30.88,47.41,9.56,6.34,18585.00,9758.01,2215.55,256.16,390.24,396.15,60.48,390.25,792.62,5.38,0.22,22.23,0.01,1.71,0.06,1.66,365.09,2.46,1.57,0.42,15.78,7.30,67.30,0.30,0.44,7.50,1.34,0.27,12.93,67.30,7.42,1175.40
ASC238,Scotch egg,egg,asc_manual,2786.45,676.89,1.91,4.05,72.62,0.30,0.36,9440.14,15346.36,44593.11,48.59,15.03,48.31,6.80,90.67,72.34,0.60,0.04,4.86,0.00,0.13,0.01,0.57,22.43,34.71,0.13,0.09,6.03,1.60,8.94,0.03,0.05,0.62,0.29,0.05,2.39,8.94,0.76,82.20,piece,9542.35,2318.05,6.53,13.87,248.70,1.01,1.23,32328.24,52554.38,152711.33,166.40,51.47,165.44,23.30,310.52,247.73,2.05,0.13,16.64,0.00,0.44,0.02,1.96,76.82,118.86,0.46,0.31,20.66,5.48,30.63,0.11,0.16,2.11,0.99,0.18,8.18,30.63,2.59,281.51
ASC240,Chicken curry,non-veg,asc_manual,538.96,129.22,3.38,11.79,7.57,1.79,1.41,821.08,1119.97,2005.92,31.25,27.29,107.81,21.89,108.00,253.49,0.87,0.19,9.56,0.00,0.42,0.05,0.56,4.07,1.56,2.90,0.70,8.57,14.02,15.61,0.07,0.05,4.28,0.71,0.32,2.95,15.61,6.77,1284.19,bowl,1336.22,320.38,8.38,29.24,18.77,4.44,3.49,2035.67,2776.69,4973.17,77.49,67.66,267.29,54.28,267.77,628.45,2.15,0.46,23.70,0.01,1.05,0.12,1.39,10.10,3.87,7.19,1.73,21.25,34.75,38.70,0.18,0.12,10.62,1.75,0.79,7.30,38.70,16.79,3183.83
ASC241,Tandoori chicken,non-veg,asc_manual,607.17,145.20,2.34,16.26,7.93,1.58,0.50,990.24,1050.46,1025.32,44.25,44.33,154.07,22.02,158.00,287.21,0.90,0.21,13.24,0.00,0.17,0.02,0.71,8.72,0.77,0.20,0.96,1.57,19.29,12.68,0.09,0.09,5.70,0.91,0.41,3.42,12.68,2.74,69.37,chicken,8748.15,2092.02,33.66,234.33,114.30,22.82,7.27,14267.44,15135.07,14772.80,637.50,638.65,2219.85,317.23,2276.49,4138.11,12.96,2.99,190.76,0.01,2.44,0.29,10.23,125.60,11.11,2.86,13.80,22.57,278.00,182.73,1.25,1.25,82.19,13.11,5.86,49.26,182.73,39.53,999.49
ASC242,Butter chicken,non-veg,asc_manual,571.18,137.00,3.74,10.92,8.70,2.37,1.32,3047.65,1620.51,424.98,39.26,25.28,102.52,23.27,26.21,319.53,0.92,0.20,8.61,0.00,0.27,0.01,0.51,48.98,0.82,3.58,0.63,9.53,12.63,14.84,0.14,0.05,4.13,0.62,0.30,2.99,14.84,11.86,1884.16,large piece,1571.91,377.04,10.31,30.06,23.94,6.52,3.64,8387.29,4459.73,1169.58,108.03,69.57,282.13,64.04,72.14,879.35,2.54,0.54,23.69,0.01,0.73,0.03,1.41,134.79,2.27,9.86,1.73,26.23,34.75,40.85,0.38,0.15,11.37,1.72,0.83,8.23,40.85,32.65,5185.30
ASC244,Chilli chicken,non-veg,asc_manual,823.97,198.83,2.86,9.57,16.56,0.93,0.99,1902.34,3048.34,8403.86,23.87,12.97,84.35,16.48,223.75,207.30,0.66,0.14,8.20,0.00,0.17,0.01,0.39,2.70,6.50,1.53,0.58,6.13,10.78,13.33,0.05,0.04,3.34,0.61,0.25,2.98,13.33,14.27,312.17,bowl,3187.27,769.13,11.06,37.03,64.07,3.60,3.84,7358.64,11791.59,32507.82,92.32,50.19,326.29,63.73,865.49,801.88,2.54,0.53,31.73,0.01,0.66,0.05,1.51,10.44,25.16,5.93,2.25,23.72,41.70,51.55,0.21,0.17,12.92,2.37,0.98,11.51,51.55,55.19,1207.54
ASC245,Fried chicken with tomato sauce (Fried chicken tamatar ki chutney kay saath),non-veg,asc_manual,521.48,125.03,2.51,11.48,7.61,1.16,1.13,881.22,1099.94,1993.20,31.09,16.09,101.91,17.77,107.56,242.34,0.64,0.17,9.42,0.00,0.09,0.01,0.49,3.52,1.59,3.79,0.70,11.02,14.04,14.07,0.07,0.04,4.27,0.68,0.31,2.69,14.07,8.71,2774.02,piece,645.34,154.73,3.10,14.20,9.42,1.43,1.40,1090.51,1361.18,2466.58,38.47,19.91,126.11,21.99,133.11,299.89,0.79,0.21,11.66,0.00,0.11,0.01,0.60,4.35,1.97,4.70,0.86,13.64,17.38,17.41,0.09,0.05,5.29,0.85,0.38,3.33,17.41,10.78,3432.85
ASC246,Fish curry (Machli curry),non-veg,asc_manual,461.62,111.13,3.77,8.76,6.69,2.02,1.89,1587.29,2191.97,3792.81,19.22,52.06,101.87,24.11,184.71,241.98,1.09,0.08,20.64,0.01,0.70,0.08,0.53,2.63,3.64,3.00,0.33,8.35,0.41,15.93,0.03,0.04,1.16,0.61,0.15,0.90,15.93,8.85,1231.96,bowl,1172.38,282.23,9.58,22.25,16.99,5.12,4.79,4031.25,5566.95,9632.61,48.82,132.22,258.72,61.23,469.12,614.56,2.77,0.19,52.42,0.01,1.78,0.20,1.34,6.67,9.24,7.62,0.84,21.21,1.03,40.45,0.07,0.10,2.96,1.54,0.39,2.28,40.45,22.48,3128.81
ASC247,Fried fish (Indian style) (Tali hui machli),non-veg,asc_manual,2711.38,658.54,5.40,4.35,68.88,0.40,0.61,8336.42,14107.74,43531.64,6.57,11.11,46.90,10.23,156.94,75.49,0.56,0.05,9.26,0.00,0.10,0.00,0.20,2.31,33.90,0.26,0.03,4.94,0.74,9.96,0.03,0.03,0.51,0.28,0.04,1.22,9.96,2.04,41.26,piece,9584.72,2327.95,19.11,15.36,243.49,1.40,2.15,29469.26,49870.86,153884.33,23.24,39.29,165.79,36.15,554.77,266.85,1.98,0.16,32.75,0.01,0.36,0.01,0.72,8.17,119.85,0.92,0.11,17.48,2.63,35.19,0.12,0.09,1.80,0.98,0.15,4.30,35.19,7.22,145.86
ASC253,"Paneer, apple and pineapple salad",veg,asc_manual,397.42,95.08,8.35,3.88,5.07,6.36,1.65,2554.73,1275.31,895.37,6.52,103.05,86.94,22.73,176.63,185.05,0.84,0.09,4.11,0.02,0.32,0.34,0.61,31.24,0.22,1.68,0.00,21.05,0.00,26.04,0.04,0.09,0.20,0.26,0.09,4.20,26.04,9.81,2073.10,bowl,1024.35,245.07,21.52,10.01,13.06,16.40,4.25,6584.81,3287.12,2307.81,16.80,265.61,224.10,58.59,455.27,476.98,2.17,0.22,10.60,0.05,0.83,0.87,1.58,80.53,0.56,4.32,0.00,54.25,0.00,67.13,0.11,0.22,0.52,0.67,0.23,10.83,67.13,25.30,5343.43
ASC258,Mixed pulse and vegetable salad,veg,asc_manual,349.23,83.12,13.96,4.74,0.84,1.36,2.96,137.12,120.56,442.36,0.00,51.63,93.24,49.99,127.78,442.65,2.13,0.23,4.05,0.01,0.52,0.06,0.78,0.00,0.31,2.77,0.00,32.48,0.00,62.14,0.10,0.07,0.72,0.51,0.13,1.61,62.14,14.02,2388.85,bowl,593.41,141.23,23.72,8.05,1.42,2.31,5.03,232.99,204.85,751.66,0.00,87.73,158.44,84.95,217.12,752.15,3.61,0.40,6.88,0.02,0.88,0.10,1.33,0.00,0.52,4.70,0.00,55.20,0.00,105.59,0.17,0.12,1.23,0.87,0.23,2.74,105.59,23.82,4059.13
ASC259,Sprouted moong salad ,veg,asc_manual,158.65,37.81,5.48,2.29,0.74,2.13,0.95,354.69,160.55,165.36,1.62,54.56,55.09,22.92,116.38,254.18,1.45,0.06,1.73,0.01,0.18,0.02,0.39,4.12,0.05,1.82,0.00,25.53,0.00,24.42,0.06,0.08,0.42,0.24,0.09,1.25,24.42,13.67,2753.77,bowl,323.26,77.03,11.17,4.66,1.51,4.35,1.93,722.68,327.12,336.93,3.30,111.16,112.24,46.69,237.12,517.88,2.96,0.13,3.52,0.01,0.36,0.04,0.80,8.40,0.11,3.72,0.00,52.02,0.00,49.76,0.12,0.16,0.85,0.49,0.18,2.55,49.76,27.84,5610.81
ASC261,Mixed vegetable salad with curd sauce,veg,asc_manual,252.12,60.28,7.03,4.23,1.50,2.16,3.79,880.42,364.96,160.55,4.09,65.51,67.79,32.94,116.66,267.24,1.35,0.13,1.91,0.01,0.31,0.03,0.67,17.41,0.15,5.01,0.00,36.95,0.00,40.08,0.13,0.09,0.66,0.42,0.18,3.32,40.08,17.52,3408.86,bowl,543.12,129.86,15.15,9.11,3.23,4.65,8.16,1896.60,786.20,345.85,8.80,141.13,146.04,70.95,251.30,575.69,2.90,0.27,4.11,0.01,0.67,0.06,1.45,37.50,0.33,10.80,0.00,79.60,0.00,86.34,0.27,0.18,1.42,0.91,0.38,7.15,86.34,37.73,7343.38
ASC265,Fruit salad (Phalon ka salaad),veg,asc_manual,328.70,78.14,15.96,0.91,1.22,9.78,1.58,684.54,271.85,165.14,2.71,25.93,23.11,17.56,7.11,178.27,0.81,0.07,1.19,0.01,0.27,0.28,0.18,14.36,0.12,1.11,0.00,19.71,0.00,14.93,0.04,0.04,0.19,0.14,0.11,1.41,14.93,17.25,1660.97,bowl,999.26,237.53,48.52,2.78,3.70,29.74,4.79,2081.01,826.41,502.02,8.25,78.83,70.27,53.38,21.60,541.95,2.45,0.22,3.61,0.03,0.83,0.85,0.54,43.65,0.37,3.39,0.00,59.93,0.00,45.40,0.11,0.13,0.58,0.43,0.34,4.27,45.40,52.45,5049.36
ASC269,Tomato onion raita (Tamatar aur pyaaz ka raita),veg,asc_manual,248.26,59.00,7.08,3.74,1.84,5.98,0.97,1103.28,475.87,125.38,6.19,120.62,106.97,18.22,165.21,237.73,0.26,0.04,1.20,0.00,0.08,0.01,0.50,15.76,0.09,2.85,0.00,6.85,0.00,19.57,0.05,0.16,0.32,0.38,0.10,2.23,19.57,8.47,1379.49,bowl,441.09,104.83,12.58,6.64,3.27,10.62,1.73,1960.20,845.49,222.75,11.00,214.30,190.06,32.38,293.52,422.38,0.45,0.06,2.13,0.00,0.14,0.03,0.89,28.00,0.16,5.07,0.00,12.17,0.00,34.77,0.09,0.29,0.57,0.68,0.18,3.96,34.77,15.04,2450.94
ASC277,Boondi raita,veg,asc_manual,2831.04,687.72,3.96,2.19,73.83,1.88,0.46,9220.10,15189.89,46338.53,2.51,49.00,47.88,7.40,99.18,79.71,0.24,0.02,0.61,0.00,0.07,0.00,0.23,6.39,36.03,0.01,0.00,5.21,0.00,11.50,0.03,0.07,0.14,0.16,0.04,0.91,11.50,0.24,33.47,bowl,9310.58,2261.74,13.03,7.21,242.80,6.18,1.51,30322.60,49955.75,152395.83,8.25,161.16,157.46,24.33,326.19,262.15,0.78,0.07,2.01,0.00,0.22,0.01,0.75,21.00,118.49,0.03,0.00,17.13,0.00,37.83,0.10,0.23,0.45,0.54,0.14,3.00,37.83,0.77,110.08
ASC282,Rice kheer (Chawal ki kheer),veg,asc_manual,315.33,75.03,10.05,2.30,2.97,8.02,0.17,1704.00,866.18,129.29,0.00,75.57,65.41,7.33,16.24,83.08,0.17,0.04,0.65,0.00,0.08,0.03,0.25,0.00,0.21,0.07,0.00,0.08,0.00,4.87,0.02,0.07,0.13,0.23,0.03,1.26,4.87,1.26,127.08,bowl,1264.81,300.94,40.31,9.21,11.92,32.16,0.69,6834.93,3474.35,518.59,0.00,303.13,262.35,29.42,65.13,333.24,0.68,0.15,2.62,0.01,0.33,0.12,1.01,0.00,0.85,0.26,0.00,0.30,0.00,19.54,0.10,0.28,0.51,0.92,0.13,5.04,19.54,5.06,509.75
ASC283,Makhana kheer,veg,asc_manual,452.85,107.85,12.88,3.31,5.00,11.54,0.11,2878.30,1437.95,232.53,1.77,111.64,100.56,13.39,23.40,139.35,0.28,0.05,0.90,0.00,0.13,0.02,0.34,6.63,0.34,0.09,0.00,0.05,0.00,8.55,0.04,0.10,0.12,0.33,0.05,1.80,8.55,1.82,195.00,bowl,1259.43,299.94,35.82,9.21,13.92,32.09,0.32,8004.83,3999.08,646.69,4.92,310.49,279.65,37.25,65.08,387.54,0.78,0.14,2.50,0.01,0.37,0.06,0.96,18.44,0.96,0.26,0.00,0.15,0.00,23.77,0.11,0.29,0.33,0.91,0.14,5.01,23.77,5.06,542.32
ASC285,Vermicelli kheer (Semiya/Seviyan ki kheer),veg,asc_manual,504.28,120.07,15.87,3.35,5.00,12.79,0.50,2855.31,1450.34,229.31,2.12,104.80,90.34,10.67,22.52,116.57,0.30,0.05,1.46,0.00,0.06,0.03,0.35,7.93,0.36,0.16,0.00,0.09,0.00,7.01,0.03,0.10,0.12,0.32,0.04,1.78,7.01,1.74,190.27,bowl,1172.10,279.08,36.90,7.80,11.61,29.73,1.15,6636.59,3371.03,532.99,4.92,243.58,209.98,24.80,52.34,270.94,0.69,0.12,3.39,0.01,0.13,0.07,0.81,18.44,0.84,0.36,0.00,0.21,0.00,16.29,0.07,0.22,0.27,0.74,0.09,4.13,16.29,4.06,442.25
ASC286,Semolina kheer (Suji/Rava kheer),veg,asc_manual,476.14,113.21,15.88,3.43,4.20,12.88,0.51,2374.73,1241.54,198.45,0.00,105.99,91.64,10.71,22.66,122.23,0.34,0.06,1.33,0.00,0.11,0.03,0.40,0.00,0.32,0.37,0.00,0.10,0.00,7.61,0.04,0.10,0.14,0.33,0.04,1.75,7.61,1.76,186.81,bowl,1097.18,260.87,36.60,7.90,9.69,29.68,1.17,5472.09,2860.88,457.29,0.00,244.24,211.18,24.68,52.21,281.64,0.77,0.15,3.06,0.01,0.25,0.07,0.93,0.00,0.75,0.86,0.00,0.23,0.00,17.54,0.09,0.23,0.32,0.77,0.09,4.04,17.54,4.06,430.46
ASC293,Semolina halwa (Suji ka halwa),veg,asc_manual,940.23,225.65,24.67,2.16,13.38,13.98,1.86,7412.72,3906.35,857.21,30.82,11.77,27.64,13.08,1.28,70.46,0.65,0.11,1.83,0.00,0.48,0.05,0.42,115.52,1.21,1.46,0.00,0.37,0.00,4.99,0.05,0.01,0.25,0.13,0.02,0.13,4.99,0.03,279.71,bowl,1500.79,360.18,39.37,3.45,21.36,22.31,2.96,11832.19,6235.31,1368.28,49.20,18.79,44.12,20.87,2.04,112.47,1.05,0.18,2.92,0.00,0.76,0.08,0.67,184.40,1.93,2.33,0.00,0.59,0.00,7.96,0.08,0.02,0.40,0.21,0.03,0.21,7.96,0.05,446.48
ASC295,Carrot halwa (Gajar ka halwa),veg,asc_manual,722.36,172.64,18.53,3.11,9.73,16.85,2.65,5410.09,2812.91,694.99,14.66,106.94,98.65,22.98,39.96,249.93,0.76,0.10,5.73,0.02,0.24,0.03,0.54,54.94,0.72,0.93,0.00,11.04,0.00,26.70,0.05,0.04,0.22,0.26,0.08,3.56,26.70,3.89,5740.77,bowl,1212.20,289.71,31.10,5.22,16.33,28.28,4.45,9078.68,4720.35,1166.26,24.60,179.46,165.55,38.57,67.05,419.41,1.28,0.17,9.61,0.03,0.39,0.05,0.91,92.20,1.20,1.56,0.00,18.52,0.00,44.80,0.08,0.07,0.38,0.44,0.13,5.97,44.80,6.53,9633.59
ASC299,Moong dal halwa,veg,asc_manual,1461.34,349.80,40.23,8.35,17.68,25.59,2.65,10384.38,4714.05,972.72,34.81,110.40,172.44,46.78,11.19,386.87,1.51,0.28,18.24,0.02,0.44,0.14,1.05,130.49,1.04,1.02,0.00,1.91,0.00,36.19,0.11,0.05,0.54,0.45,0.06,3.42,36.19,0.03,442.28,bowl,1393.98,333.68,38.37,7.97,16.86,24.41,2.53,9905.66,4496.73,927.87,33.21,105.31,164.49,44.62,10.67,369.03,1.44,0.26,17.40,0.02,0.42,0.13,1.00,124.47,0.99,0.98,0.00,1.82,0.00,34.53,0.10,0.04,0.51,0.43,0.06,3.26,34.53,0.03,421.89
ASC461,Gram flour and semolina chilla/cheela/savory pancake (Besan suji chilla/cheela),veg,asc_manual,3124.11,758.89,7.63,2.08,80.04,0.25,1.39,9621.65,16406.54,50664.04,0.00,12.13,21.83,13.08,74.88,87.35,0.67,0.07,1.10,0.00,0.31,0.00,0.26,0.00,39.49,0.57,0.00,32.63,0.00,23.14,0.06,0.02,0.21,0.13,0.04,0.79,23.14,2.53,828.15,cheela,4701.78,1142.14,11.49,3.12,120.46,0.38,2.10,14480.59,24691.85,76249.39,0.00,18.26,32.85,19.69,112.70,131.46,1.01,0.10,1.65,0.00,0.46,0.01,0.39,0.00,59.44,0.85,0.00,49.11,0.00,34.83,0.08,0.03,0.31,0.20,0.07,1.19,34.83,3.80,1246.36
ASC462,Rice moong dal cheela (Chawal aur moong dal ka cheela),veg,asc_manual,3286.07,798.26,11.13,2.74,82.44,0.15,1.18,9918.20,16894.23,52194.70,0.00,4.99,48.20,16.10,142.82,124.58,0.51,0.12,4.40,0.00,0.15,0.04,0.31,0.00,40.55,0.18,0.00,6.21,0.00,8.78,0.05,0.02,0.39,0.19,0.04,0.08,8.78,0.00,87.62,cheela,4789.45,1163.47,16.22,3.99,120.15,0.22,1.73,14455.78,24623.34,76073.77,0.00,7.28,70.25,23.47,208.16,181.57,0.75,0.17,6.42,0.00,0.23,0.05,0.46,0.00,59.10,0.26,0.00,9.05,0.00,12.80,0.07,0.02,0.57,0.28,0.06,0.12,12.80,0.00,127.71
ASC463,Split bengal gram sweet rice (Channa dal sweet rice),veg,asc_manual,795.86,190.21,41.07,4.15,0.64,19.41,2.23,92.46,104.26,281.70,0.00,30.37,78.30,42.94,8.38,230.18,1.77,0.15,4.90,0.00,0.50,0.05,0.68,0.00,0.05,0.27,0.00,0.48,0.00,22.03,0.08,0.03,0.75,0.32,0.23,0.28,22.03,0.00,107.41,plate,1750.90,418.47,90.36,9.14,1.42,42.70,4.90,203.42,229.37,619.75,0.00,66.82,172.26,94.46,18.44,506.40,3.89,0.33,10.79,0.01,1.09,0.10,1.50,0.00,0.10,0.58,0.00,1.05,0.00,48.48,0.17,0.06,1.64,0.71,0.50,0.61,48.48,0.00,236.30
ASC468,Sprouted moong daliya,veg,asc_manual,463.89,111.56,14.77,2.81,4.71,1.67,3.12,553.94,927.68,2808.59,0.00,22.62,19.00,9.46,196.73,83.92,1.29,0.04,0.10,0.00,0.10,0.01,0.16,0.00,2.15,0.37,0.00,4.35,0.00,11.15,0.03,0.01,0.15,0.13,0.05,0.65,11.15,2.38,1506.83,plate,1465.90,352.54,46.68,8.86,14.88,5.27,9.87,1750.45,2931.48,8875.13,0.00,71.49,60.03,29.90,621.66,265.20,4.09,0.11,0.33,0.00,0.33,0.02,0.49,0.00,6.79,1.17,0.00,13.74,0.00,35.24,0.09,0.05,0.46,0.42,0.14,2.07,35.24,7.53,4761.58
ASC469,Sprouted moong poha,veg,asc_manual,804.44,192.60,26.60,5.59,6.89,1.93,3.13,1241.23,2546.10,2828.32,0.00,28.39,116.24,55.63,220.82,268.06,2.43,0.21,1.01,0.02,0.54,0.14,0.93,0.00,1.55,2.33,0.00,8.10,0.00,24.46,0.13,0.04,1.95,0.41,0.10,0.97,24.46,10.05,517.28,plate,1539.13,368.51,50.90,10.70,13.17,3.68,5.99,2374.84,4871.45,5411.43,0.00,54.32,222.40,106.43,422.50,512.89,4.64,0.41,1.93,0.03,1.04,0.26,1.78,0.00,2.96,4.46,0.00,15.49,0.00,46.81,0.25,0.08,3.74,0.78,0.18,1.86,46.81,19.24,989.71
BFP007,Kashmiri tea (Kehwa),veg,bfp_manual,105.73,24.90,5.23,0.17,0.51,5.14,0.16,38.56,330.29,114.39,0.00,3.19,4.13,3.47,0.29,8.81,0.07,0.02,0.05,0.00,0.10,0.01,0.04,0.00,0.22,0.10,0.00,0.09,0.00,0.32,0.00,0.00,0.03,0.01,0.00,0.03,0.32,0.02,0.81,tea cup,271.41,63.93,13.43,0.45,1.30,13.20,0.40,99.00,847.85,293.65,0.00,8.19,10.61,8.90,0.75,22.61,0.17,0.04,0.14,0.00,0.25,0.02,0.11,0.00,0.57,0.25,0.00,0.22,0.00,0.82,0.00,0.01,0.09,0.02,0.00,0.08,0.82,0.06,2.08
BFP008,Steeped hot coffee,veg,bfp_manual,67.40,15.91,3.01,0.39,0.33,2.96,0.00,201.01,90.15,10.25,0.00,10.40,10.26,3.93,2.82,46.09,0.06,0.01,0.16,0.00,0.02,0.00,0.04,0.00,0.02,0.00,0.00,0.04,0.00,0.63,0.00,0.01,0.25,0.03,0.00,0.81,0.63,0.15,14.85,tea cup,136.15,32.13,6.08,0.78,0.67,5.98,0.00,406.05,182.10,20.70,0.00,21.00,20.73,7.94,5.69,93.10,0.12,0.02,0.32,0.00,0.04,0.00,0.08,0.00,0.03,0.00,0.00,0.09,0.00,1.27,0.01,0.02,0.51,0.05,0.01,1.64,1.27,0.30,30.00
BFP024,Jal jeera,veg,bfp_manual,127.66,30.24,6.70,0.44,0.26,5.71,0.95,22.96,107.02,77.33,0.00,24.72,11.30,12.89,215.62,76.31,0.84,0.05,0.40,0.01,0.34,0.02,0.11,0.00,0.04,1.33,0.00,5.79,0.00,3.20,0.02,0.01,0.13,0.02,0.02,0.11,3.20,1.59,411.22,juice glass,178.75,42.34,9.38,0.61,0.36,8.00,1.33,32.15,149.85,108.27,0.00,34.61,15.82,18.05,301.91,106.85,1.17,0.07,0.56,0.01,0.47,0.03,0.16,0.00,0.05,1.87,0.00,8.10,0.00,4.47,0.03,0.01,0.18,0.03,0.02,0.15,4.47,2.23,575.79
BFP026,Gingo,veg,bfp_manual,204.12,48.02,12.42,0.14,0.06,12.08,0.17,14.97,3.30,28.73,0.00,6.33,2.31,3.35,21.50,20.82,0.21,0.02,0.22,0.00,0.06,0.01,0.03,0.00,0.02,0.12,0.00,3.69,0.00,2.92,0.00,0.00,0.02,0.02,0.01,0.15,2.92,2.88,392.68,tall glass,594.00,139.73,36.14,0.40,0.17,35.15,0.49,43.58,9.60,83.60,0.00,18.42,6.73,9.75,62.57,60.59,0.62,0.06,0.65,0.00,0.16,0.02,0.09,0.00,0.04,0.36,0.00,10.75,0.00,8.49,0.01,0.01,0.07,0.04,0.02,0.45,8.49,8.39,1142.70
BFP027,Mintade,veg,bfp_manual,171.36,40.32,10.59,0.03,0.02,10.47,0.03,6.30,1.31,11.27,0.00,2.10,0.64,0.85,26.69,6.00,0.05,0.01,0.05,0.00,0.01,0.00,0.01,0.00,0.00,0.03,0.00,0.77,0.00,0.82,0.00,0.00,0.01,0.01,0.00,0.06,0.82,1.49,84.27,glass,976.78,229.84,60.39,0.19,0.13,59.68,0.15,35.92,7.44,64.25,0.00,11.95,3.66,4.84,152.15,34.18,0.30,0.05,0.29,0.00,0.03,0.01,0.06,0.00,0.02,0.14,0.00,4.37,0.00,4.69,0.01,0.01,0.04,0.03,0.01,0.34,4.69,8.50,480.32
BFP029,Canjee,veg,bfp_manual,27.67,6.61,0.44,0.24,0.42,0.21,0.36,26.17,208.49,104.17,0.00,5.82,9.26,3.57,43.03,21.20,0.17,0.01,0.71,0.00,0.05,0.00,0.05,0.00,0.02,0.38,0.00,1.03,0.00,2.12,0.01,0.01,0.05,0.02,0.01,0.09,2.12,0.30,474.30,glass,47.12,11.26,0.74,0.42,0.72,0.36,0.61,44.56,354.96,177.34,0.00,9.92,15.76,6.08,73.26,36.09,0.29,0.02,1.21,0.00,0.09,0.00,0.09,0.00,0.04,0.64,0.00,1.75,0.00,3.61,0.01,0.01,0.09,0.03,0.01,0.15,3.61,0.52,807.49
BFP044,Poha,veg,bfp_manual,1226.35,294.53,35.05,6.09,14.14,0.87,3.72,2035.87,4117.09,7340.79,0.00,37.67,139.76,66.85,377.10,333.98,3.01,0.24,2.31,0.02,0.69,0.25,1.07,0.00,5.03,3.73,0.00,13.15,0.00,21.91,0.14,0.04,2.09,0.42,0.09,0.83,21.91,12.13,842.44,bowl,669.46,160.78,19.13,3.32,7.72,0.48,2.03,1111.38,2247.52,4007.34,0.00,20.56,76.30,36.49,205.86,182.32,1.65,0.13,1.26,0.01,0.38,0.14,0.58,0.00,2.75,2.04,0.00,7.18,0.00,11.96,0.07,0.02,1.14,0.23,0.05,0.45,11.96,6.62,459.89
BFP045,Vegetable poha,veg,bfp_manual,751.96,180.52,21.52,4.89,8.07,1.40,3.76,1165.72,2322.69,4183.58,0.00,28.01,96.29,48.59,418.02,223.09,1.92,0.19,2.28,0.01,0.54,0.16,0.81,0.00,2.85,4.13,0.00,15.45,0.00,22.28,0.11,0.05,1.35,0.37,0.09,1.02,22.28,7.37,2675.12,bowl,735.64,176.60,21.05,4.78,7.89,1.37,3.68,1140.42,2272.29,4092.79,0.00,27.40,94.20,47.53,408.95,218.24,1.88,0.19,2.23,0.01,0.53,0.15,0.79,0.00,2.79,4.04,0.00,15.11,0.00,21.79,0.11,0.05,1.32,0.36,0.08,1.00,21.79,7.21,2617.07
BFP046,Moong dal stuffed cheela/chilla (Moong dal ka cheela/chilla),veg,bfp_manual,645.18,154.89,19.42,6.97,5.11,1.11,4.25,654.27,1003.81,3074.91,0.00,39.34,129.16,61.10,267.23,574.12,2.22,0.31,12.14,0.01,0.55,0.14,0.86,0.00,2.34,2.49,0.00,20.82,0.00,35.17,0.12,0.04,0.92,0.63,0.13,1.11,35.17,15.31,1103.75,cheela,1466.70,352.10,44.16,15.85,11.63,2.52,9.66,1487.35,2281.97,6990.19,0.00,89.44,293.63,138.91,607.50,1305.16,5.05,0.69,27.59,0.01,1.25,0.33,1.96,0.00,5.32,5.66,0.00,47.33,0.00,79.95,0.28,0.10,2.09,1.44,0.28,2.51,79.95,34.81,2509.15
BFP047,Paneer stuffed cheela/chilla,veg,bfp_manual,855.46,205.19,19.16,11.44,8.89,3.81,4.03,2771.41,2083.07,3356.02,0.00,151.30,202.71,64.32,289.10,464.03,2.41,0.32,18.21,0.03,0.58,0.15,1.48,0.00,2.49,2.64,0.00,21.64,0.00,54.88,0.12,0.07,0.70,0.68,0.11,5.73,54.88,9.31,1163.73,cheela,1816.40,435.68,40.68,24.28,18.87,8.10,8.55,5884.54,4422.98,7125.84,0.00,321.25,430.41,136.57,613.84,985.27,5.13,0.69,38.67,0.07,1.22,0.33,3.14,0.00,5.29,5.60,0.00,45.95,0.00,116.52,0.25,0.14,1.48,1.43,0.24,12.16,116.52,19.76,2470.95
BFP144,Plain khitchdi (Plain khichri/khichdi),veg,bfp_manual,238.08,57.03,10.04,1.72,1.01,0.12,0.85,538.13,250.79,96.34,2.14,5.05,30.71,9.97,37.14,69.32,0.31,0.07,1.88,0.00,0.16,0.04,0.22,8.03,0.07,0.14,0.00,1.92,0.00,4.56,0.03,0.01,0.34,0.12,0.03,0.08,4.56,0.14,102.54,small bowl,1366.57,327.36,57.64,9.86,5.78,0.69,4.87,3088.85,1439.56,553.01,12.30,28.96,176.26,57.22,213.21,397.88,1.75,0.39,10.79,0.01,0.94,0.25,1.24,46.10,0.43,0.81,0.00,11.04,0.00,26.18,0.18,0.07,1.97,0.70,0.19,0.46,26.18,0.83,588.55
BFP147,Instant idli (with semolina),veg,bfp_manual,1034.13,247.29,43.40,9.16,3.61,3.35,7.13,875.88,777.03,1580.84,3.12,93.20,136.84,42.92,1504.66,348.78,2.31,0.31,8.54,0.01,1.25,0.13,1.56,7.94,1.14,7.99,0.00,15.03,0.00,25.74,0.21,0.13,0.99,0.65,0.12,1.08,25.74,0.40,3788.41,idli,364.81,87.23,15.31,3.23,1.27,1.18,2.51,308.98,274.11,557.67,1.10,32.88,48.27,15.14,530.79,123.04,0.81,0.11,3.01,0.00,0.44,0.05,0.55,2.80,0.40,2.82,0.00,5.30,0.00,9.08,0.07,0.05,0.35,0.23,0.04,0.38,9.08,0.14,1336.42
BFP148,Plain dosa,veg,bfp_manual,1588.71,380.91,64.08,10.34,8.43,0.70,5.23,5030.31,2054.45,578.76,19.90,19.35,178.40,55.44,142.98,344.39,1.50,0.32,5.84,0.01,0.86,0.18,1.39,89.50,0.27,1.75,0.00,3.46,0.00,25.35,0.16,0.07,2.11,1.00,0.20,0.41,25.35,0.00,151.37,dosa,573.92,137.60,23.15,3.73,3.05,0.25,1.89,1817.20,742.17,209.08,7.19,6.99,64.45,20.03,51.65,124.41,0.54,0.12,2.11,0.00,0.31,0.07,0.50,32.33,0.10,0.63,0.00,1.25,0.00,9.16,0.06,0.02,0.76,0.36,0.07,0.15,9.16,0.00,54.68
BFP212,Roast chicken,veg,bfp_manual,833.38,199.90,0.10,20.49,13.06,0.05,0.03,3695.47,2105.25,505.76,69.66,13.61,168.30,19.34,71.71,280.00,0.79,0.26,17.41,0.00,0.03,0.01,0.74,60.39,0.38,0.03,1.29,0.58,26.05,9.86,0.09,0.06,7.56,1.08,0.50,3.88,9.86,0.23,36.67,joint,1111.52,266.62,0.13,27.32,17.42,0.06,0.04,4928.83,2807.88,674.55,92.91,18.15,224.47,25.80,95.64,373.45,1.05,0.34,23.22,0.00,0.03,0.01,0.98,80.55,0.50,0.03,1.73,0.78,34.75,13.16,0.13,0.08,10.08,1.44,0.66,5.17,13.16,0.30,48.91
BFP223,Bengal fish curry (Bengali machli curry),veg,bfp_manual,458.08,109.43,4.42,7.26,7.03,2.39,1.93,1572.69,3341.41,1449.01,13.92,44.44,95.07,27.62,76.38,207.98,0.85,0.08,9.85,0.01,0.87,0.05,0.44,11.12,0.46,1.18,0.20,7.87,0.32,14.96,0.04,0.03,0.66,0.50,0.09,1.10,14.96,3.02,361.12,bowl,1422.20,339.76,13.72,22.55,21.82,7.41,5.98,4882.74,10374.07,4498.75,43.21,137.97,295.17,85.75,237.14,645.72,2.63,0.26,30.59,0.02,2.70,0.14,1.36,34.51,1.43,3.66,0.61,24.44,0.99,46.45,0.14,0.11,2.05,1.56,0.29,3.41,46.45,9.39,1121.17
BFP239,Potato curry (Aloo ki sabzi),veg,bfp_manual,372.12,89.56,10.42,1.52,4.47,1.58,2.42,548.66,961.12,2684.73,0.00,23.74,38.19,25.30,78.40,383.45,0.97,0.10,0.51,0.00,0.28,0.05,0.31,0.00,2.08,3.37,0.00,12.09,0.00,17.65,0.05,0.02,0.76,0.31,0.10,1.43,17.65,20.92,1767.43,bowl,750.08,180.52,21.00,3.06,9.01,3.19,4.88,1105.93,1937.33,5411.60,0.00,47.84,76.98,50.99,158.02,772.92,1.96,0.20,1.04,0.01,0.56,0.10,0.62,0.00,4.19,6.80,0.00,24.37,0.00,35.58,0.11,0.04,1.54,0.62,0.21,2.88,35.58,42.18,3562.60
BFP240,Egg curry (Anda curry),egg,bfp_manual,488.28,117.52,4.03,5.38,8.81,1.90,2.09,1676.70,2417.37,3865.28,120.74,41.59,83.17,21.72,142.12,198.53,1.52,0.10,13.53,0.00,0.29,0.07,0.63,65.32,3.22,4.36,0.28,14.68,4.82,29.51,0.05,0.08,0.37,0.64,0.12,7.03,29.51,12.55,2257.77,bowl,740.08,178.13,6.11,8.16,13.35,2.87,3.17,2541.37,3664.01,5858.60,183.00,63.04,126.06,32.92,215.41,300.92,2.30,0.15,20.51,0.01,0.43,0.10,0.96,99.00,4.88,6.61,0.42,22.25,7.30,44.73,0.08,0.13,0.56,0.97,0.19,10.65,44.73,19.03,3422.10
BFP269,Okra/Lady's fingers fry (Bhindi sabzi/sabji/subji),veg,bfp_manual,457.73,110.81,4.50,1.83,9.27,1.42,3.57,1153.17,1883.92,5827.37,0.00,67.88,49.02,52.60,92.78,233.03,0.88,0.12,0.81,0.00,0.29,0.04,0.41,0.00,4.82,5.57,0.00,17.16,0.00,51.27,0.04,0.05,0.53,0.26,0.22,1.62,51.27,17.48,927.88,bowl,761.38,184.32,7.49,3.04,15.43,2.37,5.94,1918.19,3133.72,9693.24,0.00,112.92,81.54,87.50,154.32,387.63,1.47,0.20,1.35,0.01,0.48,0.06,0.68,0.00,8.02,9.27,0.00,28.54,0.00,85.27,0.06,0.09,0.87,0.43,0.36,2.69,85.27,29.07,1543.43
BFP270,Crispy okra/Crispy lady's fingers (Karare bhindi),veg,bfp_manual,2707.49,657.76,4.35,1.91,70.40,0.26,1.75,8460.50,14440.07,44532.29,0.00,27.61,27.93,20.56,40.42,90.14,0.56,0.06,0.48,0.00,0.18,0.01,0.21,0.00,34.73,1.76,0.00,10.35,0.00,26.27,0.04,0.03,0.29,0.14,0.09,0.86,26.27,5.29,332.23,small bowl,9279.93,2254.47,14.90,6.55,241.28,0.89,6.01,28998.37,49493.35,152634.44,0.00,94.64,95.72,70.45,138.53,308.94,1.91,0.20,1.64,0.00,0.62,0.03,0.73,0.00,119.05,6.03,0.00,35.47,0.00,90.04,0.13,0.10,0.98,0.48,0.32,2.95,90.04,18.14,1138.73
BFP274,Jackfruit/Kathal (dry),veg,bfp_manual,2012.05,488.97,4.56,0.93,51.78,3.55,1.33,6230.40,10621.65,32777.55,0.00,12.79,11.06,11.71,33.68,106.26,0.33,0.07,0.03,0.00,0.17,0.02,0.09,0.00,25.50,2.74,0.00,15.88,0.00,11.45,0.02,0.01,0.19,0.08,0.07,1.26,11.45,4.49,470.96,bowl,9726.65,2363.80,22.07,4.49,250.33,17.16,6.42,30119.01,51347.19,158453.20,0.00,61.81,53.45,56.60,162.84,513.66,1.61,0.33,0.15,0.01,0.82,0.07,0.45,0.00,123.26,13.25,0.00,76.76,0.00,55.34,0.10,0.04,0.91,0.39,0.36,6.10,55.34,21.72,2276.69
BFP279,Broccoli delight,veg,bfp_manual,172.18,40.70,2.34,2.49,2.48,1.08,2.83,339.45,1244.07,642.19,0.00,26.99,48.00,17.10,59.26,257.82,0.71,0.06,0.97,0.00,0.18,0.00,0.40,0.00,0.89,0.61,0.00,99.73,0.00,48.94,0.09,0.08,0.59,0.32,0.08,2.08,48.94,39.60,2865.20,bowl,343.50,81.19,4.67,4.97,4.96,2.15,5.64,677.20,2481.93,1281.18,0.00,53.84,95.75,34.11,118.22,514.35,1.42,0.13,1.94,0.01,0.36,0.01,0.79,0.00,1.77,1.22,0.00,198.96,0.00,97.64,0.17,0.16,1.18,0.64,0.16,4.15,97.64,79.00,5716.08
BFP280,Dhansak (vegetarian),veg,bfp_manual,344.57,82.80,7.28,3.32,4.18,0.91,4.17,938.35,759.43,2048.04,0.00,26.40,57.86,28.30,34.18,264.50,1.26,0.18,3.62,0.00,0.33,0.19,0.50,0.00,1.56,1.61,0.00,19.64,0.00,18.72,0.06,0.04,0.47,0.23,0.08,0.76,18.72,5.50,1923.66,bowl,830.46,199.57,17.54,8.01,10.07,2.18,10.05,2261.56,1830.35,4936.08,0.00,63.64,139.46,68.20,82.38,637.49,3.05,0.44,8.72,0.01,0.81,0.45,1.21,0.00,3.75,3.89,0.00,47.35,0.00,45.12,0.15,0.09,1.13,0.55,0.20,1.82,45.12,13.25,4636.30
BFP282,Cauliflower basket,veg,bfp_manual,378.52,90.95,3.97,5.21,5.88,1.47,2.40,3279.82,1617.38,424.12,51.10,100.19,143.16,20.59,194.22,258.16,0.92,0.05,5.12,0.01,0.17,0.01,0.65,68.29,0.29,0.99,0.09,10.46,1.51,36.64,0.04,0.11,0.24,0.66,0.11,4.28,36.64,29.63,156.53,portion,913.99,219.61,9.59,12.57,14.20,3.54,5.79,7919.63,3905.40,1024.09,123.40,241.92,345.69,49.72,468.97,623.37,2.22,0.12,12.37,0.01,0.41,0.03,1.58,164.90,0.71,2.38,0.21,25.27,3.65,88.46,0.11,0.26,0.59,1.59,0.27,10.34,88.46,71.55,377.97
BFP284,Stuffed bottle gourd (Stuffed ghiya/lauki),veg,bfp_manual,388.48,93.19,4.36,5.84,5.80,1.52,1.18,3076.25,1840.20,316.31,45.61,71.83,115.29,13.73,106.99,149.44,0.66,0.05,4.49,0.00,0.10,0.00,0.91,47.15,0.23,0.47,0.06,2.21,1.03,26.17,0.05,0.07,0.83,0.57,0.07,3.41,26.17,2.54,130.86,portion,1379.10,330.81,15.48,20.72,20.60,5.40,4.19,10920.67,6532.72,1122.91,161.90,255.00,409.28,48.73,379.80,530.51,2.33,0.19,15.93,0.01,0.37,0.01,3.23,167.40,0.82,1.66,0.21,7.84,3.65,92.91,0.18,0.26,2.94,2.03,0.24,12.11,92.91,9.01,464.55
BFP287,Roast potatoes ,veg,bfp_manual,363.95,87.32,14.52,1.53,2.35,0.33,1.71,1391.15,555.20,200.14,5.51,10.38,42.96,23.89,90.67,528.24,0.57,0.09,0.75,0.00,0.15,0.02,0.28,24.79,0.11,0.23,0.00,2.53,0.00,15.08,0.06,0.01,1.01,0.37,0.10,1.32,15.08,22.46,221.14,potato,281.32,67.49,11.22,1.18,1.82,0.25,1.32,1075.29,429.14,154.69,4.26,8.02,33.21,18.47,70.08,408.30,0.44,0.07,0.58,0.00,0.11,0.01,0.21,19.16,0.08,0.17,0.00,1.95,0.00,11.66,0.05,0.01,0.78,0.29,0.08,1.02,11.66,17.36,170.93
BFP291,Creamed spinach and mushroom,veg,bfp_manual,1727.58,419.62,3.17,2.28,44.14,1.17,1.02,6817.79,9201.70,26166.05,7.15,65.49,64.23,27.09,90.21,217.24,0.90,0.07,0.89,0.01,0.32,0.01,0.31,27.45,20.60,1.95,0.00,86.07,0.00,39.33,0.05,0.06,0.18,0.19,0.06,2.42,39.33,8.13,2458.82,bowl,10279.09,2496.71,18.85,13.55,262.62,6.99,6.06,40565.83,54750.11,155687.98,42.55,389.65,382.18,161.20,536.73,1292.58,5.38,0.40,5.28,0.05,1.92,0.05,1.86,163.30,122.56,11.61,0.00,512.12,0.00,234.02,0.31,0.33,1.07,1.11,0.36,14.43,234.02,48.37,14629.96
BFP292,Fricassee of Mushroom,veg,bfp_manual,444.43,106.66,8.13,3.65,6.63,2.51,1.23,4004.75,1679.32,301.91,13.55,84.97,95.57,12.24,118.98,151.77,0.36,0.05,0.94,0.01,0.11,0.01,0.36,59.27,0.21,4.07,0.00,6.17,0.00,13.34,0.04,0.08,0.34,0.30,0.07,3.27,13.34,14.13,720.96,dish,1248.15,299.55,22.84,10.25,18.63,7.04,3.47,11246.95,4716.20,847.88,38.05,238.62,268.39,34.36,334.15,426.24,1.01,0.15,2.64,0.02,0.32,0.04,1.00,166.45,0.60,11.42,0.00,17.34,0.00,37.46,0.11,0.21,0.96,0.83,0.19,9.20,37.46,39.68,2024.74
BFP293,Cauliflower au gratin,veg,bfp_manual,607.02,145.90,9.13,4.45,10.20,3.01,1.44,6187.80,2593.28,413.39,22.15,119.69,126.89,15.99,164.96,181.30,0.57,0.05,1.48,0.00,0.14,0.01,0.53,91.28,0.29,0.68,0.00,5.18,0.00,20.68,0.05,0.10,0.28,0.41,0.07,2.07,20.68,14.91,166.25,bowl,2041.64,490.71,30.72,14.98,34.32,10.14,4.85,20812.04,8722.24,1390.39,74.50,402.56,426.77,53.78,554.83,609.79,1.93,0.16,4.96,0.01,0.48,0.04,1.77,307.00,0.98,2.29,0.00,17.41,0.00,69.55,0.17,0.34,0.94,1.37,0.23,6.96,69.55,50.15,559.18
BFP299,Beetroot and egg salad (Chukandar aur ande ka salad),egg,bfp_manual,352.91,84.92,3.40,3.36,6.45,1.97,0.55,679.53,789.69,283.46,82.25,18.13,48.27,6.48,110.12,66.99,0.55,0.04,9.27,0.00,0.06,0.01,0.35,44.49,0.35,0.19,0.19,4.43,3.28,18.49,0.02,0.05,0.09,0.39,0.06,4.72,18.49,2.70,120.04,small bowl,785.23,188.94,7.57,7.47,14.36,4.38,1.23,1511.95,1757.07,630.70,183.00,40.33,107.40,14.42,245.03,149.05,1.22,0.08,20.62,0.00,0.13,0.01,0.79,99.00,0.78,0.43,0.42,9.85,7.30,41.14,0.05,0.10,0.20,0.86,0.12,10.50,41.14,6.00,267.09
BFP303,Cucumber and yogurt salad (Kheere aur dahi ka salad),veg,bfp_manual,151.79,36.13,4.72,2.09,0.93,2.28,1.66,550.46,215.54,89.41,2.87,68.49,65.68,21.87,141.73,215.51,0.52,0.04,0.85,0.01,0.09,0.05,0.32,7.30,0.04,1.00,0.00,8.96,0.00,18.56,0.03,0.08,0.31,0.45,0.07,2.73,18.56,5.85,455.87,small plate,174.70,41.58,5.44,2.41,1.07,2.62,1.91,633.52,248.06,102.90,3.30,78.83,75.59,25.17,163.11,248.03,0.60,0.04,0.98,0.01,0.10,0.05,0.37,8.40,0.04,1.15,0.00,10.31,0.00,21.36,0.04,0.09,0.36,0.52,0.08,3.14,21.36,6.74,524.66
BFP392,Rasgulla,veg,bfp_manual,503.26,118.64,25.79,1.38,1.75,25.40,0.01,1055.04,473.13,55.61,0.09,57.09,45.07,4.68,15.19,58.99,0.12,0.04,0.53,0.00,0.01,0.00,0.19,0.18,0.09,0.03,0.00,0.01,0.00,2.98,0.02,0.06,0.04,0.17,0.02,0.77,2.98,0.79,78.92,piece,1719.89,405.44,88.13,4.73,5.98,86.80,0.05,3605.60,1616.94,190.05,0.30,195.11,154.02,16.01,51.91,201.62,0.40,0.14,1.80,0.01,0.02,0.01,0.66,0.60,0.29,0.12,0.00,0.02,0.00,10.20,0.05,0.19,0.14,0.58,0.07,2.63,10.20,2.69,269.73
BFP393,Rasmalai,veg,bfp_manual,574.94,135.55,29.17,1.61,2.11,28.71,0.07,1157.25,609.52,123.09,0.09,62.31,51.38,5.86,16.46,69.18,0.15,0.05,0.62,0.00,0.01,0.01,0.22,0.19,0.27,0.05,0.00,0.10,0.00,3.56,0.02,0.06,0.05,0.18,0.03,0.89,3.56,0.85,87.72,piece,1825.07,430.28,92.60,5.12,6.69,91.13,0.23,3673.52,1934.83,390.75,0.30,197.78,163.09,18.59,52.24,219.59,0.49,0.16,1.97,0.01,0.04,0.02,0.70,0.60,0.86,0.15,0.00,0.33,0.00,11.29,0.07,0.19,0.16,0.59,0.08,2.83,11.29,2.69,278.44
BFP439,Khaman (dhokla),veg,bfp_manual,228.09,54.73,5.36,1.92,2.80,1.36,1.49,548.83,502.39,1432.69,0.00,5.31,29.78,11.46,124.10,92.49,0.58,0.08,4.35,0.00,0.16,0.02,0.32,0.00,0.98,0.24,0.00,1.62,0.00,16.29,0.03,0.02,0.18,0.14,0.02,0.11,16.29,2.19,152.88,dhokla,270.64,64.93,6.35,2.28,3.32,1.62,1.77,651.19,596.09,1699.91,0.00,6.30,35.33,13.60,147.25,109.75,0.69,0.09,5.16,0.00,0.19,0.02,0.39,0.00,1.17,0.29,0.00,1.92,0.00,19.33,0.04,0.02,0.22,0.17,0.03,0.13,19.33,2.60,181.39
BFP440,Instant dhokla,veg,bfp_manual,869.35,207.11,24.11,7.66,9.37,6.86,3.57,2116.50,1785.79,4618.67,2.59,66.58,105.74,25.80,763.98,187.95,1.05,0.12,2.21,0.00,0.56,0.05,0.70,6.59,3.71,0.76,0.00,6.41,0.00,53.84,0.15,0.12,0.63,0.48,0.16,2.74,53.84,6.37,216.47,dhokla,369.35,87.99,10.24,3.26,3.98,2.92,1.52,899.20,758.69,1962.24,1.10,28.29,44.92,10.96,324.57,79.85,0.45,0.05,0.94,0.00,0.24,0.02,0.30,2.80,1.58,0.32,0.00,2.72,0.00,22.87,0.06,0.05,0.27,0.20,0.07,1.16,22.87,2.70,91.97
BFP442,Tomato ginger chutney (Tamatar adarak ki chutney),veg,bfp_manual,187.09,44.66,9.11,1.05,0.32,6.31,2.14,54.17,62.11,135.67,0.00,23.63,25.64,20.73,209.42,227.56,1.08,0.09,0.20,0.01,0.29,0.09,0.17,0.00,0.20,11.30,0.00,20.84,0.00,13.96,0.06,0.03,0.56,0.17,0.09,0.96,13.96,22.20,4502.25,tablespoon,30.72,7.33,1.50,0.17,0.05,1.04,0.35,8.89,10.20,22.28,0.00,3.88,4.21,3.40,34.39,37.37,0.18,0.01,0.03,0.00,0.05,0.01,0.03,0.00,0.03,1.86,0.00,3.42,0.00,2.29,0.01,0.00,0.09,0.03,0.01,0.16,2.29,3.65,739.33
BFP443,Mint tomato chutney (Pudinay aur tamatar ki chutney),veg,bfp_manual,182.85,43.65,8.22,1.53,0.36,5.48,2.63,63.52,55.65,164.25,0.00,47.59,30.87,32.52,183.98,268.71,2.06,0.12,1.60,0.02,0.39,0.09,0.25,0.00,0.24,10.25,0.00,39.76,0.00,26.12,0.06,0.05,0.58,0.20,0.10,1.13,26.12,21.53,6377.23,tablespoon,34.60,8.26,1.56,0.29,0.07,1.04,0.50,12.02,10.53,31.08,0.00,9.00,5.84,6.15,34.81,50.84,0.39,0.02,0.30,0.00,0.07,0.02,0.05,0.00,0.04,1.94,0.00,7.52,0.00,4.94,0.01,0.01,0.11,0.04,0.02,0.21,4.94,4.07,1206.65
BFP444,Coriander chutney (Hare dhaniye ki chutney),veg,bfp_manual,179.55,42.86,8.16,1.38,0.37,5.50,2.47,77.13,55.10,160.03,0.00,39.80,30.80,27.59,186.64,269.63,1.63,0.11,0.23,0.01,0.38,0.09,0.24,0.00,0.24,10.27,0.00,54.29,0.00,18.85,0.07,0.03,0.58,0.23,0.10,1.38,18.85,22.42,5731.79,tablespoon,33.97,8.11,1.54,0.26,0.07,1.04,0.47,14.59,10.43,30.28,0.00,7.53,5.83,5.22,35.31,51.02,0.31,0.02,0.04,0.00,0.07,0.02,0.05,0.00,0.04,1.94,0.00,10.27,0.00,3.57,0.01,0.01,0.11,0.04,0.02,0.26,3.57,4.24,1084.53
BFP445,Gooseberry chutney (Amla chutney),veg,bfp_manual,179.98,43.02,8.83,1.44,0.62,0.06,4.58,76.93,46.43,326.68,0.00,46.40,34.89,22.58,215.09,269.12,1.22,0.11,0.63,0.01,0.33,0.06,0.22,0.00,0.38,0.91,0.00,45.03,0.00,13.91,0.05,0.04,0.40,0.33,0.11,0.71,13.91,30.18,2238.97,tablespoon,28.87,6.90,1.42,0.23,0.10,0.01,0.74,12.34,7.45,52.41,0.00,7.44,5.60,3.62,34.51,43.17,0.20,0.02,0.10,0.00,0.05,0.01,0.04,0.00,0.06,0.15,0.00,7.22,0.00,2.23,0.01,0.01,0.06,0.05,0.02,0.11,2.23,4.84,359.19
BFP446,Walnut chutney (Akhrot ki chutney),veg,bfp_manual,1550.66,370.43,8.91,9.44,33.46,4.40,3.04,3241.77,5954.92,22748.39,3.33,119.57,257.03,100.09,160.00,351.46,1.77,0.79,3.96,0.00,1.80,0.05,1.72,8.47,2.12,23.64,0.00,44.59,0.00,37.38,0.23,0.15,0.54,0.60,0.45,7.70,37.38,10.75,137.29,tablespoon,192.22,45.92,1.10,1.17,4.15,0.55,0.38,401.86,738.19,2819.95,0.41,14.82,31.86,12.41,19.83,43.57,0.22,0.10,0.49,0.00,0.22,0.01,0.21,1.05,0.26,2.93,0.00,5.53,0.00,4.63,0.03,0.02,0.07,0.07,0.06,0.95,4.63,1.33,17.02
BFP455,Tomato and cucumber sandwich (Tamatar aur kheere ka sandwich),veg,bfp_manual,633.31,150.68,20.51,4.03,6.31,1.79,2.10,3394.00,1422.96,271.27,13.52,76.75,54.61,22.08,222.22,168.24,1.15,0.09,3.57,0.00,0.30,0.02,0.43,60.83,0.21,3.22,0.00,21.79,0.00,21.92,0.10,0.05,0.81,0.13,0.07,1.01,21.92,9.04,2694.37,sandwich,498.73,118.66,16.15,3.17,4.97,1.41,1.66,2672.77,1120.58,213.62,10.65,60.44,43.00,17.39,174.99,132.49,0.91,0.07,2.81,0.00,0.23,0.02,0.34,47.90,0.17,2.54,0.00,17.16,0.00,17.26,0.08,0.04,0.64,0.10,0.05,0.80,17.26,7.12,2121.81
BFP456,Tomato sandwich (grilled),veg,bfp_manual,796.46,189.92,21.29,6.26,9.39,2.58,1.91,5289.42,2266.63,366.32,24.95,150.90,147.21,19.26,420.60,156.87,0.88,0.08,3.56,0.00,0.27,0.03,0.70,97.59,0.32,4.78,0.00,14.87,0.00,21.95,0.11,0.07,0.85,0.16,0.07,1.36,21.95,11.61,2421.93,sandwich,611.29,145.77,16.34,4.80,7.20,1.98,1.47,4059.63,1739.64,281.15,19.15,115.81,112.98,14.78,322.81,120.40,0.68,0.06,2.73,0.00,0.21,0.02,0.54,74.90,0.24,3.67,0.00,11.41,0.00,16.85,0.09,0.06,0.65,0.12,0.05,1.04,16.85,8.91,1858.83
BFP458,Peanut butter cucumber sandwich,veg,bfp_manual,1022.44,243.33,29.76,9.04,10.56,2.91,3.35,2330.54,3606.49,3066.41,0.00,95.35,119.55,50.40,460.09,249.54,1.32,0.21,4.39,0.00,0.60,0.00,0.97,0.00,0.95,0.34,0.00,2.23,0.00,29.91,0.16,0.06,3.23,0.40,0.16,17.78,29.91,1.66,46.43,sandwich,564.90,134.44,16.44,5.00,5.83,1.61,1.85,1287.63,1992.59,1694.19,0.00,52.68,66.05,27.85,254.20,137.87,0.73,0.12,2.43,0.00,0.33,0.00,0.54,0.00,0.53,0.19,0.00,1.23,0.00,16.53,0.09,0.03,1.78,0.22,0.09,9.82,16.53,0.92,25.65
BFP544,Paneer patties,veg,bfp_manual,1403.85,338.58,22.79,7.60,23.96,4.04,1.18,13274.50,6249.09,2328.54,45.19,129.90,116.71,18.29,158.44,93.01,0.79,0.09,5.81,0.03,0.28,0.02,0.96,169.37,2.09,2.75,0.00,3.32,0.00,31.04,0.05,0.05,0.32,0.35,0.05,5.71,31.04,3.28,942.96,patty,1413.82,340.99,22.96,7.65,24.13,4.07,1.18,13368.75,6293.46,2345.07,45.51,130.83,117.54,18.42,159.57,93.67,0.79,0.09,5.85,0.03,0.28,0.02,0.96,170.57,2.10,2.77,0.00,3.35,0.00,31.26,0.05,0.05,0.32,0.35,0.05,5.75,31.26,3.30,949.66
BFP545,Vegetable patties,veg,bfp_manual,1084.76,261.92,20.98,4.01,17.74,1.49,2.62,9655.98,4517.93,1975.69,39.33,18.96,47.42,20.62,139.52,180.62,0.87,0.11,0.42,0.00,0.32,0.03,0.47,147.41,1.87,4.73,0.00,12.31,0.00,19.74,0.09,0.03,0.58,0.38,0.09,1.37,19.74,12.03,1829.45,patty,1255.17,303.07,24.27,4.64,20.53,1.73,3.04,11172.93,5227.69,2286.07,45.51,21.94,54.87,23.86,161.44,208.99,1.00,0.12,0.49,0.00,0.37,0.04,0.55,170.57,2.17,5.47,0.00,14.24,0.00,22.85,0.11,0.03,0.67,0.43,0.10,1.59,22.85,13.92,2116.86
BFP546,Pearl millet infant food (Bajra shishu aahaar),veg,bfp_manual,1516.50,362.44,62.10,11.98,6.62,26.06,7.84,1148.87,2155.52,2419.38,0.00,118.52,278.41,143.55,12.67,602.95,5.67,0.55,23.70,0.01,1.03,0.45,2.28,0.00,0.43,6.30,0.00,8.23,0.00,48.28,0.23,0.12,1.48,0.68,0.40,0.81,48.28,0.00,253.54,,758.25,181.22,31.05,5.99,3.31,13.03,3.92,574.43,1077.76,1209.69,0.00,59.26,139.20,71.78,6.33,301.48,2.83,0.28,11.85,0.01,0.51,0.22,1.14,0.00,0.22,3.15,0.00,4.11,0.00,24.14,0.11,0.06,0.74,0.34,0.20,0.41,24.14,0.00,126.77
BFP548,Cereal mix,veg,bfp_manual,505.48,120.81,21.84,3.32,2.02,10.68,2.03,384.22,798.99,658.77,0.00,21.40,61.53,32.77,9.29,179.18,1.18,0.13,3.33,0.00,0.35,0.08,0.53,0.00,0.21,0.55,0.00,1.81,0.00,19.18,0.07,0.02,0.84,0.24,0.14,0.33,19.18,0.50,821.46,,631.85,151.01,27.30,4.15,2.52,13.35,2.54,480.28,998.73,823.47,0.00,26.75,76.91,40.96,11.61,223.98,1.47,0.16,4.16,0.00,0.44,0.11,0.66,0.00,0.27,0.69,0.00,2.26,0.00,23.98,0.09,0.03,1.05,0.30,0.17,0.42,23.98,0.62,1026.83
BFP549,Pulse mix,veg,bfp_manual,348.50,83.29,16.00,3.16,0.54,6.59,2.25,58.09,81.30,252.23,0.00,14.93,61.34,28.72,3.88,151.35,1.29,0.13,9.04,0.00,0.43,0.04,0.61,0.00,0.04,1.21,0.00,0.32,0.00,18.17,0.07,0.03,0.36,0.24,0.09,0.19,18.17,0.00,119.34,,464.67,111.06,21.33,4.21,0.73,8.78,3.00,77.46,108.40,336.31,0.00,19.90,81.79,38.29,5.17,201.80,1.72,0.17,12.06,0.00,0.58,0.05,0.82,0.00,0.05,1.61,0.00,0.42,0.00,24.23,0.09,0.04,0.49,0.31,0.12,0.26,24.23,0.00,159.12
BFP550,Shishu ahar,veg,bfp_manual,391.70,93.37,17.42,2.61,1.43,6.61,1.02,243.98,514.53,436.56,0.00,13.78,41.56,23.11,2.68,82.43,1.02,0.07,0.29,0.00,0.27,0.04,0.33,0.00,0.24,0.21,0.00,0.61,0.00,13.00,0.05,0.02,0.57,0.14,0.09,0.63,13.00,0.00,10.10,,522.27,124.49,23.22,3.48,1.91,8.82,1.36,325.30,686.04,582.08,0.00,18.38,55.42,30.81,3.57,109.90,1.36,0.09,0.38,0.01,0.36,0.05,0.44,0.00,0.32,0.28,0.00,0.81,0.00,17.34,0.07,0.02,0.76,0.19,0.12,0.84,17.34,0.00,13.47
BFP552,Cereal pulse mix with amylase rice flour,veg,bfp_manual,637.02,151.57,27.80,4.27,2.74,8.84,3.47,331.61,516.24,1635.37,0.00,12.61,91.45,34.43,1.03,96.86,1.19,0.14,12.81,0.00,0.83,0.02,0.80,0.00,1.23,3.16,0.00,1.18,0.00,22.01,0.13,0.05,0.71,0.30,0.09,0.84,22.01,0.00,69.33,,541.47,128.84,23.63,3.63,2.33,7.51,2.95,281.87,438.80,1390.07,0.00,10.72,77.73,29.27,0.87,82.33,1.01,0.12,10.89,0.00,0.71,0.01,0.68,0.00,1.04,2.69,0.00,1.00,0.00,18.71,0.11,0.04,0.60,0.26,0.08,0.71,18.71,0.00,58.93
BFP554,Rice dal porridge (Chawal dal ki khichdi/khichri),veg,bfp_manual,1603.90,383.33,65.04,10.80,8.33,26.54,4.51,1734.27,3712.15,2466.53,0.00,50.46,198.16,100.09,12.33,465.80,2.76,0.41,6.17,0.01,0.95,0.32,1.45,0.00,0.93,1.77,0.00,1.93,0.00,35.60,0.23,0.06,3.46,0.66,0.37,0.69,35.60,0.00,102.77,,534.63,127.78,21.68,3.60,2.78,8.85,1.50,578.09,1237.38,822.18,0.00,16.82,66.05,33.36,4.11,155.27,0.92,0.14,2.06,0.00,0.32,0.11,0.48,0.00,0.31,0.59,0.00,0.64,0.00,11.87,0.08,0.02,1.15,0.22,0.12,0.23,11.87,0.00,34.26
BFP555,Lentils and semolina porridge (Dal suji porridge/daliya),veg,bfp_manual,490.75,117.29,23.19,3.26,1.06,13.84,1.44,573.02,254.58,91.76,0.00,44.74,63.19,30.44,9.64,188.00,1.22,0.11,3.79,0.00,0.36,0.09,0.47,0.00,0.08,0.99,0.00,0.53,0.00,10.74,0.06,0.03,0.22,0.26,0.14,0.56,10.74,0.40,101.32,,981.50,234.58,46.38,6.52,2.12,27.68,2.88,1146.04,509.15,183.53,0.00,89.49,126.38,60.89,19.27,376.00,2.44,0.22,7.58,0.01,0.71,0.18,0.94,0.00,0.16,1.98,0.00,1.07,0.00,21.48,0.12,0.07,0.45,0.52,0.27,1.12,21.48,0.80,202.65
BFP556,Spinach khichri (Palak khichri/khichdi),veg,bfp_manual,426.44,102.18,17.35,3.43,1.91,0.21,1.56,257.35,361.35,1153.24,0.00,10.43,60.07,23.26,69.59,170.86,0.65,0.14,4.51,0.00,0.29,0.07,0.42,0.00,0.94,0.19,0.00,22.68,0.00,18.74,0.07,0.03,0.59,0.25,0.06,0.38,18.74,2.02,695.11,,640.72,153.52,26.07,5.15,2.87,0.31,2.34,386.67,542.93,1732.75,0.00,15.67,90.26,34.94,104.56,256.72,0.97,0.21,6.77,0.00,0.43,0.11,0.63,0.00,1.41,0.28,0.00,34.07,0.00,28.15,0.10,0.04,0.89,0.37,0.09,0.57,28.15,3.03,1044.40
BFP558,Lentils and wheat porridge (Dal wheat porridge/daliya ),veg,bfp_manual,219.82,52.54,8.36,2.71,0.94,0.92,1.28,491.51,216.03,55.68,0.00,26.28,41.45,10.67,62.79,94.87,0.52,0.06,3.11,0.00,0.06,0.05,0.20,0.00,0.05,0.12,0.00,0.49,0.00,6.65,0.03,0.03,0.12,0.16,0.02,0.39,6.65,0.35,71.60,,374.24,89.44,14.24,4.62,1.60,1.56,2.19,836.80,367.79,94.80,0.00,44.74,70.57,18.17,106.90,161.52,0.89,0.11,5.30,0.00,0.10,0.08,0.35,0.00,0.09,0.20,0.00,0.83,0.00,11.32,0.04,0.05,0.21,0.27,0.03,0.66,11.32,0.60,121.90
BFP577,Namkeen daliya,veg,bfp_manual,1230.10,295.11,49.32,8.29,7.99,0.82,8.57,871.42,1471.48,4544.53,0.00,35.98,6.13,4.34,149.63,51.52,2.99,0.02,0.02,0.00,0.04,0.01,0.06,0.00,3.55,2.57,0.00,6.10,0.00,5.39,0.01,0.01,0.15,0.06,0.03,0.42,5.39,5.86,1279.71,plate,1442.80,346.14,57.85,9.72,9.37,0.96,10.05,1022.10,1725.93,5330.35,0.00,42.21,7.19,5.09,175.51,60.43,3.51,0.02,0.03,0.00,0.05,0.01,0.07,0.00,4.16,3.02,0.00,7.15,0.00,6.32,0.01,0.01,0.18,0.07,0.03,0.49,6.32,6.88,1500.99
BFP607,Mango milkshake with ice cream (Aam milkshake ice creamkesaath),veg,bfp_manual,287.54,68.35,9.18,1.93,2.80,9.11,0.23,1682.09,752.44,102.71,1.30,69.36,56.22,6.62,16.64,85.24,0.15,0.03,0.77,0.00,0.03,0.00,0.21,4.01,0.17,0.44,0.00,0.56,0.00,13.64,0.02,0.08,0.08,0.24,0.04,1.33,13.64,4.99,275.40,tall glass,977.65,232.39,31.21,6.56,9.51,30.96,0.78,5719.10,2558.30,349.20,4.41,235.81,191.14,22.49,56.56,289.80,0.51,0.12,2.62,0.02,0.11,0.00,0.70,13.65,0.58,1.48,0.00,1.91,0.00,46.37,0.08,0.26,0.28,0.82,0.13,4.53,46.37,16.96,936.35
BFP608,Pineapple milkshake with ice cream (Ananas milkshake ice creamkesaath),veg,bfp_manual,288.13,68.49,9.33,1.93,2.75,9.20,0.42,1668.10,740.34,92.80,1.30,68.78,56.51,6.54,16.65,85.12,0.12,0.03,0.56,0.00,0.16,0.00,0.20,4.01,0.19,0.02,0.00,0.28,0.00,6.13,0.03,0.07,0.07,0.24,0.04,1.27,6.13,5.39,118.02,tall glass,979.65,232.87,31.71,6.56,9.36,31.28,1.41,5671.54,2517.16,315.50,4.41,233.85,192.13,22.23,56.60,289.40,0.42,0.10,1.89,0.01,0.53,0.00,0.69,13.65,0.65,0.08,0.00,0.96,0.00,20.84,0.09,0.25,0.22,0.82,0.13,4.31,20.84,18.32,401.27
BFP609,Orange milkshake with ice cream (Narangi milkshake ice creamkesaath),veg,bfp_manual,285.31,67.82,9.15,1.95,2.75,9.00,0.16,1666.45,738.94,92.78,1.30,69.80,56.43,6.35,16.65,87.59,0.19,0.03,0.57,0.00,0.01,0.00,0.20,4.01,0.14,0.04,0.00,0.29,0.00,6.28,0.03,0.07,0.08,0.25,0.03,1.48,6.28,6.13,187.28,tall glass,970.05,230.57,31.11,6.63,9.35,30.60,0.55,5665.94,2512.40,315.45,4.41,237.31,191.87,21.57,56.62,297.80,0.63,0.09,1.94,0.01,0.03,0.00,0.67,13.65,0.49,0.14,0.00,1.00,0.00,21.34,0.10,0.25,0.29,0.85,0.09,5.05,21.34,20.86,636.75
OSR001,Woodapple juice (Bel ka sharbat),veg,open_source_recipes,144.50,34.18,6.51,0.63,0.70,5.75,1.03,170.91,113.37,278.01,0.00,11.85,16.69,5.23,127.45,71.86,0.12,0.04,0.48,0.00,0.06,0.00,0.07,0.00,0.02,5.48,0.00,1.62,0.00,1.61,0.01,0.00,0.11,0.05,0.04,0.32,1.61,5.23,34.66,glass,507.68,120.07,22.87,2.21,2.46,20.21,3.62,600.47,398.30,976.73,0.00,41.63,58.63,18.38,447.77,252.46,0.44,0.16,1.68,0.00,0.23,0.00,0.24,0.00,0.06,19.25,0.00,5.68,0.00,5.65,0.03,0.01,0.39,0.17,0.12,1.13,5.65,18.36,121.76
OSR002,Sattu drink,veg,open_source_recipes,98.99,23.38,5.16,0.56,0.14,3.96,0.40,12.29,22.96,64.89,0.00,1.59,8.56,3.17,12.65,25.27,0.17,0.03,1.34,0.00,0.04,0.00,0.10,0.00,0.00,0.05,0.00,0.04,0.00,4.77,0.01,0.00,0.05,0.04,0.00,0.02,4.77,0.00,26.68,glass,528.78,124.87,27.54,3.02,0.74,21.14,2.12,65.66,122.64,346.64,0.00,8.48,45.70,16.92,67.55,134.98,0.89,0.14,7.14,0.00,0.24,0.02,0.53,0.00,0.03,0.25,0.00,0.21,0.00,25.48,0.05,0.02,0.26,0.22,0.03,0.11,25.48,0.00,142.52
OSR005,Thandai,veg,open_source_recipes,424.55,101.18,9.13,3.59,5.89,8.21,0.80,2265.01,1979.56,732.16,0.00,112.31,98.38,25.58,22.69,140.99,0.60,0.12,1.06,0.00,0.37,0.01,0.48,0.00,0.76,0.54,0.00,1.37,0.00,7.18,0.05,0.09,0.23,0.28,0.04,1.58,7.18,1.44,152.88,glass,1076.12,256.45,23.15,9.10,14.92,20.80,2.02,5741.15,5017.62,1855.82,0.00,284.68,249.36,64.84,57.51,357.38,1.53,0.30,2.69,0.01,0.95,0.04,1.22,0.00,1.92,1.37,0.00,3.48,0.00,18.19,0.12,0.22,0.57,0.70,0.10,4.02,18.19,3.66,387.52
OSR006,Cucumber sharbat (Kheere ka sharbat),veg,open_source_recipes,115.77,27.28,6.64,0.26,0.06,5.46,0.78,23.42,3.86,24.79,0.00,6.49,10.39,7.54,2.57,67.04,0.18,0.02,0.06,0.00,0.03,0.00,0.07,0.00,0.01,0.46,0.00,2.99,0.00,6.15,0.01,0.00,0.13,0.16,0.02,1.03,6.15,2.23,62.41,glass,475.80,112.14,27.27,1.07,0.24,22.45,3.21,96.25,15.85,101.89,0.00,26.68,42.72,30.99,10.55,275.55,0.73,0.09,0.25,0.01,0.12,0.00,0.28,0.00,0.03,1.89,0.00,12.30,0.00,25.26,0.03,0.01,0.52,0.68,0.09,4.23,25.26,9.16,256.50
OSR024,Sweetened yogurt (Shrikhand),veg,open_source_recipes,453.48,107.18,16.02,5.27,2.89,15.81,0.08,1759.85,789.10,133.58,9.95,183.02,156.60,18.36,73.61,261.06,0.17,0.01,1.87,0.00,0.08,0.00,0.66,25.33,0.16,0.09,0.00,0.08,0.00,16.56,0.06,0.25,0.19,0.46,0.09,2.41,16.56,0.92,22.70,bowl,1381.46,326.50,48.79,16.07,8.81,48.18,0.24,5361.16,2403.89,406.92,30.32,557.54,477.07,55.94,224.23,795.30,0.50,0.03,5.71,0.00,0.23,0.01,2.01,77.18,0.50,0.26,0.00,0.23,0.00,50.44,0.18,0.75,0.57,1.39,0.29,7.36,50.44,2.79,69.14
OSR025,Thickened sweetened milk (Rabri),veg,open_source_recipes,431.75,102.79,10.55,3.52,5.35,10.09,0.19,2657.93,1843.55,374.33,0.00,111.87,101.92,15.00,23.92,125.85,0.29,0.08,1.15,0.00,0.07,0.01,0.42,0.00,0.55,0.10,0.00,0.18,0.00,7.40,0.04,0.10,0.11,0.34,0.05,1.94,7.40,1.86,187.62,bowl,951.08,226.44,23.23,7.74,11.78,22.23,0.43,5855.08,4061.11,824.60,0.00,246.43,224.51,33.03,52.69,277.24,0.64,0.17,2.54,0.01,0.16,0.03,0.93,0.00,1.20,0.21,0.00,0.39,0.00,16.31,0.09,0.23,0.25,0.75,0.10,4.28,16.31,4.09,413.30
OSR026,Gram flour halwa (Besan halwa),veg,open_source_recipes,1156.72,276.79,25.78,5.88,17.30,15.83,1.82,9598.22,4781.18,1277.19,33.12,77.42,98.95,20.44,15.40,128.25,0.67,0.12,1.56,0.00,0.34,0.01,0.55,124.14,1.40,0.22,0.00,1.48,0.00,34.75,0.10,0.09,0.38,0.42,0.10,2.48,34.75,1.12,372.89,piece,1718.25,411.15,38.29,8.73,25.69,23.52,2.70,14257.64,7102.18,1897.20,49.20,115.01,146.98,30.37,22.87,190.52,1.00,0.18,2.31,0.00,0.51,0.02,0.82,184.40,2.08,0.32,0.00,2.19,0.00,51.61,0.15,0.13,0.56,0.62,0.15,3.68,51.61,1.66,553.91
OSR065,Chicken manchurian,non-veg,open_source_recipes,592.26,142.34,6.06,9.53,11.96,0.90,0.41,1218.86,1867.15,4472.80,37.88,26.52,96.13,16.57,2414.77,179.84,1.28,0.11,7.51,0.00,0.11,0.00,0.53,13.09,3.54,0.26,0.44,1.01,8.64,10.34,0.04,0.04,2.42,0.46,0.18,2.33,10.34,2.33,67.01,plate,2633.85,632.99,26.96,42.40,53.18,3.98,1.83,5420.39,8303.38,19891.01,168.44,117.93,427.50,73.69,10738.73,799.77,5.70,0.49,33.40,0.00,0.48,0.02,2.36,58.20,15.75,1.17,1.94,4.47,38.40,45.99,0.19,0.17,10.77,2.03,0.80,10.36,45.99,10.37,297.98
OSR066,Handi chicken,non-veg,open_source_recipes,694.87,166.02,1.49,12.32,12.46,0.75,0.67,1400.08,4941.92,1790.94,33.71,26.85,111.00,18.15,75.64,214.67,0.93,0.17,10.23,0.00,0.23,0.01,0.54,5.11,0.18,0.29,0.74,1.74,14.99,8.82,0.06,0.05,4.42,0.67,0.30,2.53,8.82,0.64,124.12,plate,1611.22,384.96,3.47,28.57,28.90,1.75,1.56,3246.45,11459.07,4152.75,78.18,62.25,257.37,42.08,175.40,497.76,2.16,0.40,23.73,0.00,0.54,0.03,1.25,11.85,0.43,0.68,1.73,4.04,34.75,20.46,0.14,0.12,10.26,1.56,0.71,5.86,20.46,1.47,287.80
OSR067,Lemon chicken,non-veg,open_source_recipes,709.57,169.79,0.55,20.20,9.66,0.16,0.16,1589.38,1248.12,404.48,60.15,17.40,165.74,19.91,79.93,282.83,0.95,0.25,17.16,0.00,0.04,0.00,0.74,21.47,0.30,0.05,1.27,0.40,25.66,10.89,0.10,0.06,7.45,1.07,0.49,3.89,10.89,3.12,20.44,plate,2033.46,486.57,1.58,57.88,27.67,0.46,0.46,4554.75,3576.80,1159.13,172.38,49.87,474.98,57.05,229.07,810.52,2.73,0.73,49.18,0.00,0.11,0.01,2.12,61.52,0.87,0.14,3.65,1.15,73.53,31.21,0.27,0.17,21.36,3.07,1.42,11.15,31.21,8.94,58.58
OSR068,Lemon butter fish,non-veg,open_source_recipes,666.72,160.25,0.75,16.38,10.26,0.23,0.36,5160.78,3187.70,1093.09,46.11,18.66,183.74,29.57,187.72,240.34,0.40,0.05,25.10,0.01,0.04,0.00,0.50,74.26,1.26,0.05,0.52,2.37,0.84,9.55,0.05,0.03,1.21,0.97,0.13,0.05,9.55,4.35,126.15,piece,1333.43,320.49,1.51,32.77,20.52,0.46,0.72,10321.56,6375.40,2186.17,92.22,37.32,367.49,59.13,375.45,480.67,0.80,0.10,50.19,0.02,0.08,0.01,0.99,148.52,2.52,0.09,1.04,4.75,1.68,19.10,0.10,0.07,2.43,1.93,0.25,0.10,19.10,8.70,252.30
OSR069,Baked eggs in tomato sauce,egg,open_source_recipes,335.90,80.05,3.78,4.92,5.22,2.03,0.01,1440.99,2049.81,1073.64,77.26,71.94,77.38,20.55,188.21,321.52,1.31,0.04,9.35,0.00,0.38,0.00,0.53,49.40,1.60,0.01,0.17,263.41,2.94,63.90,0.09,0.08,0.89,0.41,0.19,4.32,63.90,49.39,1750.43,plate,1671.10,398.25,18.79,24.48,25.99,10.08,0.04,7168.94,10197.83,5341.35,384.38,357.88,384.95,102.22,936.33,1599.58,6.52,0.19,46.49,0.00,1.89,0.01,2.62,245.77,7.95,0.03,0.84,1310.45,14.61,317.88,0.43,0.42,4.42,2.06,0.96,21.50,317.88,245.70,8708.40
OSR070,Egg in a pepper,egg,open_source_recipes,538.83,128.78,0.17,12.64,8.68,0.05,0.17,2800.94,3292.86,1101.69,345.88,48.25,176.67,12.83,183.89,144.67,1.76,0.07,38.25,0.00,0.04,0.00,1.18,187.11,1.44,0.07,0.79,1.76,13.81,49.87,0.06,0.18,0.14,1.40,0.16,17.53,49.87,5.77,288.45,egg,3136.00,749.50,1.00,73.58,50.49,0.28,0.99,16301.46,19164.43,6411.86,2013.00,280.80,1028.19,74.65,1070.25,841.96,10.25,0.42,222.64,0.00,0.26,0.02,6.88,1089.00,8.37,0.41,4.62,10.24,80.36,290.24,0.36,1.05,0.81,8.16,0.95,102.00,290.24,33.60,1678.79
OSR071,Spinach mushroom scrambled egg (Palak mushroom bhurji),egg,open_source_recipes,663.88,158.85,0.59,13.28,11.51,0.10,0.39,5247.66,3825.72,1016.19,276.56,140.31,205.75,19.41,227.97,180.76,1.60,0.07,31.19,0.00,0.11,0.01,1.35,188.91,1.24,1.40,0.67,22.35,10.54,46.58,0.06,0.19,0.17,1.17,0.14,14.04,46.58,1.95,734.23,plate,773.08,184.98,0.68,15.46,13.40,0.12,0.46,6110.91,4455.06,1183.35,322.05,163.40,239.59,22.60,265.47,210.49,1.87,0.08,36.32,0.00,0.12,0.02,1.57,219.98,1.44,1.63,0.78,26.03,12.27,54.24,0.07,0.22,0.19,1.36,0.17,16.35,54.24,2.27,855.01
OSR072,Corn omelette/omlet,egg,open_source_recipes,695.24,166.93,1.57,11.37,12.89,0.41,0.02,6129.16,4076.53,1093.55,253.36,96.22,180.05,17.36,166.42,145.92,1.34,0.06,26.54,0.00,0.06,0.00,1.22,201.49,1.16,0.02,0.54,0.84,9.40,42.04,0.07,0.17,0.43,1.13,0.12,12.12,42.04,1.49,131.96,omelette,1350.50,324.26,3.05,22.09,25.04,0.79,0.04,11905.89,7918.65,2124.22,492.14,186.92,349.76,33.72,323.26,283.46,2.59,0.11,51.56,0.00,0.11,0.01,2.37,391.39,2.26,0.03,1.05,1.64,18.26,81.65,0.14,0.33,0.84,2.19,0.23,23.55,81.65,2.90,256.33
OSR073,Cajun chicken,non-veg,open_source_recipes,768.11,184.94,1.94,12.69,13.99,1.10,0.89,5143.72,5138.32,728.50,39.32,156.98,168.97,18.93,1740.13,181.55,0.53,0.13,7.40,0.00,0.10,0.00,1.17,74.00,0.44,0.28,0.45,10.07,9.13,26.60,0.06,0.10,2.85,0.57,0.26,3.73,26.60,27.13,662.41,chicken breast,1286.58,309.78,3.25,21.26,23.43,1.84,1.49,8615.72,8606.69,1220.24,65.86,262.95,283.02,31.70,2914.72,304.09,0.88,0.22,12.40,0.01,0.16,0.01,1.96,123.95,0.74,0.47,0.76,16.87,15.29,44.55,0.10,0.18,4.78,0.96,0.44,6.25,44.55,45.44,1109.53
OSR074,Paaner do pyaza,veg,open_source_recipes,529.49,127.70,3.41,4.22,10.87,2.20,0.84,3612.60,2916.58,3483.96,15.07,57.22,82.36,17.05,160.66,135.24,0.45,0.07,1.81,0.00,0.17,0.01,0.43,49.84,2.68,1.14,0.00,4.14,0.00,15.37,0.04,0.10,0.27,0.20,0.06,2.43,15.37,7.25,623.05,bowl,1227.74,296.11,7.90,9.78,25.20,5.09,1.94,8376.66,6762.76,8078.38,34.94,132.68,190.96,39.54,372.54,313.59,1.04,0.17,4.20,0.00,0.39,0.03,1.00,115.57,6.22,2.64,0.00,9.60,0.00,35.64,0.10,0.23,0.62,0.46,0.15,5.63,35.64,16.81,1444.68
OSR075,Cabbage manchurian (Pattagobhi manchurian),veg,open_source_recipes,924.16,224.26,4.85,0.64,22.48,0.33,0.37,2726.50,4623.99,14190.72,0.18,3.18,8.86,3.50,75.02,34.44,0.20,0.02,0.05,0.00,0.07,0.00,0.07,0.47,11.03,0.38,0.00,2.62,0.00,4.08,0.01,0.01,0.10,0.07,0.02,0.24,4.08,3.83,70.43,bowl,6842.35,1660.41,35.90,4.71,166.47,2.47,2.75,20186.62,34235.43,105066.22,1.33,23.56,65.60,25.89,555.41,255.01,1.47,0.11,0.36,0.01,0.50,0.01,0.54,3.47,81.63,2.79,0.00,19.37,0.00,30.24,0.09,0.06,0.75,0.51,0.12,1.74,30.24,28.39,521.46
OSR076,Gobi 65,veg,open_source_recipes,1145.98,278.29,3.59,0.56,29.11,0.29,0.57,3545.37,5967.12,18366.84,0.29,12.37,13.11,5.75,69.22,56.39,0.30,0.02,0.21,0.00,0.11,0.01,0.08,0.73,14.25,0.55,0.00,7.50,0.00,4.39,0.01,0.02,0.12,0.06,0.02,0.28,4.39,3.21,614.01,plate,9827.23,2386.48,30.81,4.81,249.63,2.48,4.90,30402.97,51170.44,157503.03,2.47,106.11,112.44,49.34,593.56,483.58,2.60,0.18,1.77,0.01,0.92,0.08,0.66,6.30,122.23,4.73,0.00,64.31,0.00,37.66,0.09,0.16,1.06,0.55,0.21,2.37,37.66,27.52,5265.36
OSR077,Paneer lababdar,veg,open_source_recipes,437.87,105.48,3.37,3.98,8.46,1.96,1.16,1898.13,2330.04,3654.59,7.19,55.56,77.52,19.63,142.45,145.50,0.56,0.08,1.69,0.00,0.19,0.02,0.42,20.93,2.76,2.64,0.00,11.57,0.00,14.81,0.05,0.09,0.27,0.21,0.06,2.26,14.81,7.19,1467.88,bowl,1674.00,403.24,12.87,15.23,32.36,7.51,4.43,7256.64,8907.86,13971.69,27.50,212.41,296.38,75.03,544.60,556.24,2.14,0.32,6.44,0.01,0.72,0.07,1.61,80.00,10.54,10.10,0.00,44.24,0.00,56.60,0.18,0.34,1.03,0.81,0.22,8.62,56.60,27.48,5611.77
OSR099,Sago khitchdi/khichri (Sabudana khitchdi/khichri),veg,open_source_recipes,785.65,187.16,22.41,2.72,10.10,1.03,1.82,4729.75,3056.39,1331.00,12.24,15.13,55.28,27.71,100.26,189.28,0.86,0.13,1.11,0.00,0.25,0.02,0.39,45.87,0.85,1.06,0.00,5.38,0.00,12.60,0.07,0.02,1.24,0.17,0.05,0.48,12.60,4.94,380.08,bowl,2131.94,507.89,60.82,7.38,27.41,2.80,4.95,12834.65,8293.83,3611.79,33.21,41.06,150.00,75.20,272.07,513.62,2.33,0.36,3.02,0.01,0.67,0.06,1.07,124.47,2.30,2.87,0.00,14.59,0.00,34.18,0.18,0.04,3.36,0.47,0.13,1.29,34.18,13.41,1031.39
OSR100,Gram flour chilla/cheela (Besan chilla/cheela),veg,open_source_recipes,575.24,135.93,21.03,7.80,2.85,1.87,4.25,367.78,552.73,1552.41,0.00,28.38,80.20,27.71,135.57,168.70,2.19,0.12,1.35,0.00,1.17,0.02,0.65,0.00,1.33,1.15,0.00,9.08,0.00,66.61,0.15,0.06,0.82,0.48,0.19,3.09,66.61,3.32,701.38,cheela,299.55,70.78,10.95,4.06,1.49,0.97,2.21,191.51,287.83,808.39,0.00,14.78,41.76,14.43,70.60,87.85,1.14,0.06,0.70,0.00,0.61,0.01,0.34,0.00,0.69,0.60,0.00,4.73,0.00,34.69,0.08,0.03,0.43,0.25,0.10,1.61,34.69,1.73,365.23
OSR113,Rice murukku,veg,open_source_recipes,2454.31,593.99,33.29,5.41,48.22,0.17,2.18,6839.54,10044.71,28886.18,5.32,24.63,98.69,29.19,63.31,224.26,1.70,0.21,7.09,0.00,0.26,0.01,0.58,23.95,21.98,0.25,0.00,3.31,0.00,26.57,0.09,0.04,1.04,0.25,0.10,0.26,26.57,0.00,173.22,piece,757.33,183.29,10.27,1.67,14.88,0.05,0.67,2110.49,3099.51,8913.45,1.64,7.60,30.45,9.01,19.54,69.20,0.52,0.06,2.19,0.00,0.08,0.00,0.18,7.39,6.78,0.08,0.00,1.02,0.00,8.20,0.03,0.01,0.32,0.08,0.03,0.08,8.20,0.00,53.45
OSR114,Bhel puri ,veg,open_source_recipes,2104.69,509.89,16.47,3.52,47.91,3.41,2.24,5770.93,9933.39,30080.44,0.00,24.22,47.03,22.42,93.98,150.56,1.29,0.10,0.72,0.00,0.36,0.02,0.38,0.00,23.33,1.20,0.00,7.79,0.00,22.40,0.07,0.03,0.56,0.23,0.09,1.04,22.40,4.51,359.34,plate,14751.11,3573.64,115.42,24.65,335.80,23.89,15.70,40446.69,69620.16,210824.77,0.00,169.76,329.63,157.11,658.66,1055.26,9.04,0.68,5.03,0.03,2.54,0.17,2.67,0.00,163.48,8.40,0.00,54.57,0.00,157.03,0.52,0.24,3.96,1.62,0.66,7.29,157.03,31.61,2518.48
OSR115,Semolina dhokla (Suji/Rava dhokla),veg,open_source_recipes,814.09,194.91,30.86,5.44,5.20,1.85,5.12,1593.49,876.99,2054.16,0.00,31.17,67.37,28.69,443.39,194.28,2.52,0.25,5.53,0.01,1.39,0.05,1.09,0.00,1.62,4.31,0.00,12.38,0.00,15.23,0.14,0.03,0.66,0.38,0.08,0.51,15.23,3.65,732.86,plate,815.95,195.36,30.94,5.45,5.21,1.85,5.13,1597.11,878.99,2058.83,0.00,31.25,67.52,28.76,444.40,194.72,2.53,0.25,5.54,0.01,1.40,0.05,1.09,0.00,1.62,4.32,0.00,12.40,0.00,15.26,0.14,0.03,0.66,0.38,0.08,0.51,15.26,3.66,734.53
OSR139,Dal makhani,veg,open_source_recipes,291.37,74.04,7.96,3.32,3.06,0.80,2.27,1771.75,729.79,225.15,7.25,20.62,58.31,27.39,41.85,199.40,1.23,0.11,3.15,0.00,0.60,0.01,0.48,30.85,0.11,2.65,0.01,6.33,0.11,21.27,0.04,0.03,0.37,0.41,0.05,0.35,21.27,2.60,621.91,bowl,1029.56,261.63,28.13,11.71,10.82,2.82,8.03,6260.58,2578.75,795.58,25.62,72.87,206.04,96.79,147.86,704.59,4.33,0.37,11.13,0.01,2.13,0.05,1.69,109.00,0.39,9.36,0.02,22.36,0.41,75.16,0.13,0.09,1.30,1.45,0.19,1.25,75.16,9.19,2197.56
OSR141,Dalma,veg,open_source_recipes,500.97,118.93,15.04,4.91,4.58,3.10,2.16,531.78,2174.06,1304.52,0.00,54.28,85.46,43.25,49.35,390.38,2.10,0.24,1.30,0.00,0.85,0.02,0.77,0.00,0.62,4.36,0.00,6.83,0.00,52.09,0.10,0.07,0.71,0.49,0.15,0.90,52.09,13.89,1068.32,bowl,1321.47,313.70,39.68,12.95,12.09,8.17,5.70,1402.73,5734.74,3441.08,0.00,143.18,225.42,114.08,130.18,1029.76,5.53,0.64,3.43,0.01,2.24,0.05,2.03,0.00,1.64,11.51,0.00,18.03,0.00,137.41,0.27,0.19,1.87,1.30,0.40,2.37,137.41,36.63,2818.02
OSR142,Split bengal gram dal (Channa dal),veg,open_source_recipes,415.08,99.67,9.99,4.15,4.62,0.98,3.72,2146.92,1190.07,646.87,8.53,21.99,66.01,29.50,46.40,232.72,1.92,0.18,8.83,0.00,0.67,0.02,0.77,31.95,0.28,2.22,0.00,5.13,0.00,35.41,0.07,0.04,0.50,0.34,0.07,0.45,35.41,4.58,1176.57,bowl,1212.73,291.20,29.20,12.13,13.50,2.85,10.86,6272.54,3476.96,1889.93,24.91,64.24,192.85,86.19,135.56,679.92,5.61,0.52,25.79,0.01,1.95,0.05,2.25,93.35,0.83,6.48,0.00,14.98,0.00,103.45,0.21,0.11,1.47,0.99,0.19,1.31,103.45,13.38,3437.54
ASC484,Poha with curd (Poha aur dahi),veg,asc_manual,725.41,173.32,26.72,6.01,4.65,5.46,1.09,2824.34,1233.48,317.40,13.37,140.90,172.39,36.72,325.07,249.94,1.61,0.08,1.41,0.01,0.30,0.13,0.91,45.42,0.12,0.13,0.00,0.56,0.00,14.74,0.07,0.20,0.59,0.48,0.07,1.90,14.74,0.68,43.17,,,,,,,,,,,,,,,,,,,,,,,,,,,,,,,,,,,,,,,,
ASC487,Vegetable khichdi/khichri,veg,asc_manual,597.93,143.17,19.57,5.61,4.53,3.71,2.45,2717.25,1090.32,316.13,11.92,100.54,128.91,41.88,193.55,384.87,1.09,0.16,5.04,0.01,0.44,0.17,0.74,45.68,0.39,0.45,0.00,64.46,0.00,45.51,0.11,0.14,0.68,0.49,0.13,2.10,45.51,7.10,3575.41,,,,,,,,,,,,,,,,,,,,,,,,,,,,,,,,,,,,,,,,
ASC489,Moong dal mixture,veg,asc_manual,671.92,158.84,33.93,4.62,1.00,24.68,1.90,494.12,188.22,180.57,2.38,70.53,98.65,45.55,29.60,453.86,1.25,0.19,6.47,0.01,0.38,0.20,0.60,6.05,0.33,0.33,0.00,71.67,0.00,48.24,0.10,0.10,0.54,0.42,0.10,1.87,48.24,13.07,2184.27,,,,,,,,,,,,,,,,,,,,,,,,,,,,,,,,,,,,,,,,
ASC490,Cracked wheat khichri/khichdi (Dalia khichri/khichdi),veg,asc_manual,699.30,167.45,22.35,7.56,5.52,3.79,3.74,3270.91,1323.45,270.45,14.62,123.04,113.40,35.47,224.95,340.86,2.17,0.13,5.86,0.01,0.36,0.08,0.75,56.02,0.41,0.18,0.00,74.20,0.00,44.80,0.09,0.16,0.33,0.40,0.10,2.24,44.80,7.30,2271.81,,,,,,,,,,,,,,,,,,,,,,,,,,,,,,,,,,,,,,,,
BFP166,Dal moong,veg,bfp_manual,181.89,43.69,4.92,2.20,1.62,0.13,1.08,873.43,401.86,141.62,3.55,7.69,39.20,16.62,117.74,130.13,0.52,0.09,4.36,0.00,0.17,0.07,0.25,13.29,0.12,0.32,0.00,1.79,0.00,8.59,0.03,0.01,0.19,0.16,0.03,0.09,8.59,1.03,113.22,,,,,,,,,,,,,,,,,,,,,,,,,,,,,,,,,,,,,,,,
